Processo,Data de deposito,Nome da patente ,Autores,Cliente,Campus UPE,Depositantes,Código ,Status INPI,Territorio,Ultima atualização,Checagem,Unnamed: 12,Categoria_Aba,Pedido,Data,Titulo,Despacho,Status
BR 10 2025 020973 0,2025-09-29,CURATIVO DÉRMICO BIODEGRADÁVEL E SUSTENTÁVEL PARA O TRATAMENTO DE FERIDAS CRÔNICAS OU DE DIFÍCIL CICATRIZAÇÃO,"PRISCILLA BARBOSA SALES DE ALBUQUERQUE (UPE), ANA CAROLINA DE CARVALHO CORREIA (UPE), LUIZA RAYANNA AMORIM DE LIMA (UPE), NATALIE EMANUELLE RIBEIRO RODRIGUES (UPE), JAMYLLE NUNES DE SOUZA FERRO (UFAL), DANIEL MEDEIROS NUNES (UPE), FERNANDA ALEXANDRE DA SILVA (UFAL), EVERLAINE LEITE ESTEVAM DOS SANTOS (UFAL) ",UPE,ICB,"UPE, UFAL",2025-10-02 00:00:00,Notificação de recebimento do pedido de patente ou certificado de adição,Brasil,2025-10-07,2025-12-18,,Patentes,,,,,
BR 10 2025 020807 5,2025-09-26,PROCESSO DE SÍNTESE VERDE À FRIO DE NANOPARTÍCULAS DE PRATA A PARTIR DE EXTRATO AQUOSO DE ANGICO PARA USO EM CICATRIZAÇÃO DE FERIDAS,"ANAÍS BEZERRA DE GUSMÃO (UPE), ANA CAROLINA DE CARVALHO CORREIA (UPE), PEDRO HENRIQUE SETTE DE SOUZA (UPE), CASSIO ERACLITO ALVES DOS SANTOS (UFAL), JOHNNATAN DUARTE DE FREITAS (IFAL), CLARA ANDREZZA CRISÓSTOMO BEZERRA COSTA (IFAL)",UPE,"GARANHUNS, ARCOVERDE","UPE, UFAL, IFAL",2025-10-02 00:00:00,Notificação de recebimento do pedido de patente ou certificado de adição,Brasil,2025-10-07,2025-12-18,,Patentes,,,,,
BR 20 2025 017223 8,2025-08-15,EXTRATO DE Passiflora alata Curtis MICORRIZADA COM ATIVIDADE ANTI- INFLAMATÓRIA E NEUROPROTETORA,"SURA WANESSA NOGUEIRA SANTOS ROCHA (UPE), FÁBIO SÉRGIO BARBOSA DA SILVA (UPE), THAYS FERNANDA DA SILVA (UPE), EDUARDA LINS FALCÃO (UPE), LARISSA VALESKA MARIA DA SILVA BRITO (UPE)",UPE,ICB,UPE,2025-10-02 00:00:00,Notificação de recebimento do pedido de patente ou certificado de adição,Brasil,2025-08-26,2025-12-18,,Patentes,,,,,
BR 10 2025 016059 5,2025-07-31,,,UFPE,,"UFPE, IFPE, UPE",2025-10-02 00:00:00,Notificação de recebimento do pedido de patente ou certificado de adição,Brasil,2025-08-12,2025-12-18,,Patentes,,,,,
BR 10 2025 014346 1,2025-07-11,EQUIPAMENTO PARA ALERTA E MONITORAMENTO DE NÍVEL DE RUÍDO EM HOSPITAIS,"MARCO AURÉLIO DE VALOIS CORREIA JÚNIOR (UPE), MARCÍLIO ANDRÉ FÉLIX FEITOSA (UPE), GUSTAVO OLIVEIRA CAVALCANTI (UPE), JULIANA BARROS MARANHÃO (UPE), EDIL DE ALBUQUERQUE RODRIGUES FILHO (UFPE), EMÍLIA CHAGAS COSTA (UFPE)",UPE,"FCM, POLI","UPE, UFPE",2025-01-02 00:00:00,Pedido de Patente ou Certificado de Adição de Invenção Depositado,Brasil,2025-12-02,2025-12-18,,Patentes,,,,,
BR 10 2025 002785 2,2025-02-12,CURATIVO DÉRMICO (PolissAg Derm) BIODEGRADÁVEL E SUSTENTÁVEL PARA O TRATAMENTO DE FERIDAS CRÔNICAS OU DE DIFÍCIL CICATRIZAÇÃO,"PRISCILLA BARBOSA SALES DE ALBUQUERQUE (UPE), ANA CAROLINA DE CARVALHO CORREIA  (UPE), LUIZA RAYANNA AMORIM DE LIMA (UPE), NATALIE EMANUELLE RIBEIRO RODRIGUES (UPE), JAMYLLE NUNES DE SOUZA FERRO (UFAL), DANIEL MEDEIROS NUNES (UPE), FERNANDA ALEXANDRE DA SILVA  (UFAL), EVERLAINE LEITE ESTEVAM DOS SANTOS (UFAL)",UPE,Garanhuns,"UPE, UFAL",15.21,"Documentação arquivada e depósito não efetuado tendo em vista falta de cumprimento de exigência formal, conforme Art. 21 da Lei 9279/96 e Art. 5º §3º da Portaria INPI/DIRPA 14/2024",Brasil,2025-09-16,2025-12-18,,Patentes,,,,,
BR 10 2025 002182 0,2025-02-04,FLUIDO ANTIMICROBIANO A BASE DE ALGINATO INCORPORADO COM NANOPARTÍCULAS DO TIPO ZIF-8 E COBRE COMO MEDICAÇÃO INTRACANAL,"MARLENY ELIZABETH MÁRQUEZ DE MARTINEZ GERBI (UPE), SEVERINO ALVES JUNIOR (UFPE), ELOIZA LEONARDO DE MELO (UPE), JÉSSICA MEIRINHOS MIRANDA (UPE), CAIO DE LIMA PIRES (UPE), SUZANE IVILA SANTOS DA ROCHA (UPE), NATHALIA SEIMI DEAMA (UPE), IVALDO RODRIGUES DE ARAÚJO (UFPE), MARIA REGINA ALMEIDA DE MENEZES (UPE)",UPE,FOP,"UPE, UFPE",2025-01-02 00:00:00,Pedido de Patente ou Certificado de Adição de Invenção Depositado,Brasil,2025-07-15,2025-12-18,,Patentes,,,,,
BR 10 2025 002183 8,2025-02-04,SÍNTESE DE UM CURATIVO BIOADESIVO COM EFICÁCIA ANTIBACTERIANA SOBRE O STREPTOCCOCUS MUTANS,"MARLENY ELIZABETH MÁRQUEZ DE MARTINEZ GERBI (UPE), ALISON MENDES SILVA DE MELO (UPE), SEVERINO ALVES JUNIOR (UFPE), ELOIZA LEONARDO DE MELO (UPE), JÉSSICA MEIRINHOS MIRANDA (UPE), CLÁUDIO PAULO PEREIRA DE ASSIS (UPE), CAIO DE LIMA PIRES (UPE), SUZANE IVILA SANTOS DA ROCHA (UPE), NATHALIA SEIMI DEAMA (UPE)",UPE,FOP,UPE,2025-01-02 00:00:00,Pedido de Patente ou Certificado de Adição de Invenção Depositado,Brasil,2025-11-11,2025-12-18,,Patentes,,,,,
BR 10 2024 027612 4,2024-12-30,PROCESSO DE BIOSSEPARAÇÃO INTEGRADA DE FICOCIANINA OBTIDA DE UM MICRORGANISMO FOTOSSINTETIZANTE EM COLUNA ÚNICA,"DANIELA DE ARAÚJO VIANA MARQUES (UPE), MARIA RAFAELE OLIVEIRA BEZERRA DA SILVA (UPE)L BRUNA EMANUELLE GOMES DO NASCIMENTO (UPE)",UPE,ICB,UPE,15.21,"Documentação arquivada e depósito não efetuado tendo em vista falta de cumprimento de exigência formal, conforme Art. 21 da Lei 9279/96 e Art. 5º §3º da Portaria INPI/DIRPA 14/2024",Brasil,2025-07-15,2025-12-18,,Patentes,,,,,
BR 10 2024 026204 2,2024-12-13,"PROCESSO DE SÍNTESE VERDE À FRIO DE NANOPARTÍCULAS
DE PRATA A PARTIR DE EXTRATO AQUOSO DE ANGICO PARA
USO EM CICATRIZAÇÃO DE FERIDAS","ANAÍS BEZERRA DE GUSMÃO (UPE), ANA CAROLINA DE CARVALHO CORREIA (UPE), PEDRO HENRIQUE SETTE DE SOUZA (UPE), CASSIO ERACLITO ALVES DOS SANTOS (UFAL), JOHNNATAN DUARTE DE FREITAS (IFAL), CLARA ANDREZZA CRISÓSTOMO BEZERRA COSTA (UFAL)",UPE,Garanhuns,"UPE, UFAL, IFAL",15.21,"Documentação arquivada e depósito não efetuado tendo em vista falta de cumprimento de exigência formal, conforme Art. 21 da Lei 9279/96 e Art. 5º §3º da Portaria INPI/DIRPA 14/2024",Brasil,2025-06-17,2025-12-18,,Patentes,,,,,
BR 10 2024 025737 5,2024-12-09,,EDUARDO CESAR DE MIRANDA LOUREIRO (UPE),EDUARDO CESAR DE MIRANDA LOUREIRO (UPE),POLI,UPE,2025-01-02 00:00:00,Pedido de Patente ou Certificado de Adição de Invenção Depositado,Brasil,2025-06-17,2025-12-18,,Patentes,,,,,
BR 20 2024 019708 4,2024-09-25,,DIEGO RATIVA (UPE),"DIEGO J MILLAN RATIVA, UPE",POLI,UPE,15.21,Pedido com Numeração Anulada tendo em vista falta de cumprimento de exigência formal,Brasil,2025-04-01,2025-12-18,,Patentes,,,,,
BR 10 2024 018131 0,2024-09-03,,,"MK DIGITAL LTDA / FUNDAÇÃO UNIVERSIDADE DE PERNAMBUCO UPE, GILBERTO DENIS DE SOUZA LEITE FILHO/ JOÃO FAUSTO LORENZATO DE OLIVEIRA, ALDONSO MARTINS DE OLIVEIRA JUNIOR, ALEXANDRE MAGNO ANDRADE MACIEL, DIEGO JOSÉ RÁTIVA MILLÁN ",POLI,UPE,2025-01-02 00:00:00,Pedido de Patente ou Certificado de Adição de Invenção Depositado,Brasil,2025-09-23,2025-12-18,,Patentes,,,,,
BR 10 2024 011312 8,2024-06-05,UPE,"DANIELA DE ARAÚJO VIANA MARQUES (UPE), MARIA RAFAELE OLIVEIRA BEZERRA DA SILVA (UPE)L BRUNA EMANUELLE GOMES DO NASCIMENTO (UPE)",UPE,ICB,UPE,15.21,"Documentação arquivada e depósito não efetuado tendo em vista falta de cumprimento de exigência formal, conforme Art. 21 da Lei 9279/96 e Art. 5º §3º da Portaria INPI/DIRPA 14/2024",Brasil,2025-12-18,2025-12-18,,Patentes,,,,,
BR 20 2024 003118 6,2024-02-16,EQUIPAMENTO AUTOMATIZADO PARA MEDIÇÃO DA FORÇA DE RETENÇÃO DE PRÓTESES DENTÁRIAS,ROGÉRIO PONTES DE ARAÚJO (USP) / SANDRA LÚCIA DANTAS DE MORAES (UPE) / RAYANNA THAYSE FLORÊNCIO COSTA (UPE) / WISKLLEY GUIMARÃES DA SILVA ADÃO / EVERTON DA SILVA PAIVA,"UPE, USP",FOP,ROGÉRIO PONTES DE ARAÚJO / SANDRA LÚCIA DANTAS DE MORAES / RAYANNA THAYSE FLORÊNCIO COSTA/ WISKLLEY GUIMARÃES DA SILVA ADÃO (BR/PE) / EVERTON DA SILVA PAIVA / FUNDAÇÃO UNIVERSIDADE DE PERNAMBUCO - UPE (BR/PE),2025-01-03 00:00:00,3.1 Pedido de Patente ou de Certificado de Adição de Invenção Publicado,Brasil,2025-12-18,2025-12-18,,Patentes,,,,,
BR 10 2024 002088 0,2024-02-01,PRODUTO ATÓXICO COM ATIVIDADE ANTI-Trypanosoma cruzi CONSITUTÍDO POR PROTEÍNA DE Arthrospira platensis,DANIELA DE ARAÚJO VIANA MARQUES (UPE),UFRPE e UPE,ICB,UPE E UFRPE,15.21,"Documentação arquivada e depósito não efetuado tendo em vista falta de cumprimento de exigência formal, conforme Art. 21 da Lei 9279/96 e Art. 5º §3º da Portaria INPI/DIRPA 14/2024",Brasil,2025-12-18,2025-12-18,,Patentes,,,,,
BR 10 2023 027918 0,2023-12-31,PROCESSO DE SÍNTESE VERDE À FRIO DE NANOPARTÍCULAS DE PRATA A PARTIR DE EXTRATO AQUOSO DE ANGICO PARA USO EM CICATRIZAÇÃO DE FERIDAS,"ANAÍS BEZERRA DE GUSMÃO (UPE), ANA CAROLINA DE CARVALHO CORREIA (UPE), PEDRO HENRIQUE SETTE DE SOUZA (UPE), CASSIO ERACLITO ALVES DOS SANTOS (UFAL), JOHNNATAN DUARTE DE FREITAS (IFAL), CLARA ANDREZZA CRISÓSTOMO BEZERRA COSTA (IFAL)",UPE,"GARANHUNS, ARCOVERDE","UPE, UFAL, IFAL",15.21,"Documentação arquivada e depósito não efetuado tendo em vista falta de cumprimento de exigência formal, conforme Art. 21 da Lei 9279/96 e Art. 5º §3º da Portaria INPI/DIRPA 14/2024",Brasil,2025-12-18,2025-12-18,,Patentes,,,,,
BR 10 2023 025661 9 A2,2023-12-06,DISCOS DE CELULOSE IMPREGNADOS COM NANOPARTÍCULA DE PRATA ASSOCIADA A EXTRATO VEGETAL PARA ATIVIDADE CUPINICIDA,RAQUEL PEDROSA BEZERRA (UFRPE) / ANA LUCIA FIGUEIREDO PORTO / KETHYLEN BARBARA BARBOSA CARDOSO (UFRPE) / JUANIZE MATIAS DA SILVA BATISTA (UFRPE)/ VIVIANNE FERREIRA ARAUJO BRANDAO (UFRPE) / MICHELINE THAIS DOS SANTOS (UFRPE) / MARIA CLARA DO NASCIMENTO / ROMERO MARCOS PEDROSA BRANDÃO COSTA (UPE) / THIAGO PAJEU NASCIMENTO / DANIELA DE ARAUJO VIANA MARQUES (UPE),UPE,ICB,"UFRPE, UPE E UFPI",2025-01-03 00:00:00,Pedido de Patente ou de Certificado de Adição de Invenção Publicado,Brasil,2025-06-17,2025-12-18,,Patentes,,,,,
BR 10 2023 018993 8,2023-09-18,SÍNTESE DE NOVO SCAFFOLD DE MEMBRANA 3D DE NANOCELULOSE BACTERIANA PARA CULTIVO DE CÉLULAS TRONCO MESENQUIMAIS,MARLENY ELIZABETH MÁRQUEZ DE MARTINEZ GERBI (UPE) / SEVERINO ALVES JUNIOR (UFPE) / ELOIZA LEONARDO DE MELO (UPE)/ JÉSSICA MEIRINHOS MIRANDA (UPE) / CAIO DE LIMA PIRES (UPE)/ SUZANNE IVILA SANTOS DA ROCHA  (UPE)/ NATHALIA SEIMI DEAMA (UPE) / MARCIA BEZERRA DA SILVA / LARA MARQUES MAGALHÃES MORE (UPE),UPE,FOP,UPE,2025-01-03 00:00:00,Pedido de Patente ou de Certificado de Adição de Invenção Publicado,Brasil,2025-09-23,2025-12-18,,Patentes,,,,,
BR 10 2023 017743 3,2023-09-01,,,UPE,,UPE,15.21,"Documentação arquivada e depósito não efetuado tendo em vista falta de cumprimento de exigência formal, conforme Art. 21 da Lei 9279/96 e Art. 5º §3º da Portaria INPI/DIRPA 14/2024",Brasil,2023-09-01,2025-12-18,,Patentes,,,,,
BR 10 2023 017441 8 A2,2023-08-29,COMPOSTO BACTERICIDA PREPARADO EM GEL ENRIQUECIDO COM NANOPARTÍCULAS DE PRATA DE ORIGEM MICROBIANA,KETHYLEN BARBARA BARBOSA CARDOSO (UFPE) / ANA LUCIA FIGUEIREDO PORTO (UFRPE) / ROMERO MARCOS PEDROSA BRANDAO COSTA (UPE) / JUANIZE MATIAS DA SILVA BATISTA (UFRPE) / THIAGO PAJEU NASCIMENTO (UFPI) / MICHELINE THAIS DOS SANTOS (UFRPE) / MARLLYN MARQUES DA SILVA / BEATE SAEGESSER SANTOS (UFPE) / MARQUES LEONEL RODRIGUES DA SILVA,UFRPE,ICB,"UPE, UFPE, UFRPE, UFPI",2025-01-03 00:00:00,Pedido de Patente ou de Certificado de Adição de Invenção Publicado,Brasil,2025-03-06,2025-12-18,,Patentes,,,,,
BR 10 2023 016980 5 A2,2023-08-23,BIOFILME CICATRIZANTE FORMULADO À BASE DE UM BLEND POLISSACARÍDICO ASSOCIADO À NANOPARTÍCULAS DE PRATA COM HIDROLISADO DE COLÁGENO, RAQUEL PEDROSA BEZERRA / KETHYLEN BARBARA BARBOSA CARDOSO (UFPE) / ANA LUCIA FIGUEIREDO PORTO (UFRPE) / ROMERO MARCOS PEDROSA BRANDAO  COSTA  (UPE) / VIVIANNE FERREIRA ARAUJO BRANDAO / JUANIZE MATIAS DA SILVA BATISTA (UFRPE) / THIAGO PAJEU NASCIMENTO (UFPI) / DANIELA DE ARAUJO VIANA MARQUES (UPE) / ROMUALDO BRANDAO COSTA JUNIOR (UFROE) / KETURA RHAMMA CAVALCANTE FERREIRA (UFPE) / RAPHAEL LUIZ ANDRADE SILVA (UFRPE) / MARIA ERCILIA DE LIMA BARREIRO,UFPE,ICB,"UPE, UFPE, UFRPE, UFPI",2025-01-03 00:00:00,Pedido de Patente ou de Certificado de Adição de Invenção Publicado,Brasil,2025-03-06,2025-12-18,,Patentes,,,,,
BR 20 2023 016925 8,2023-08-23,EQUIPAMENTO DE ALARME E MONITORAMENTO DO NÍVEL DE RUÍDO EM SETORES DE UNIDADES HOSPITALARES,Marco Aurélio de Valois Correia Junior (UPE),UPE,POLI,UPE,15.21,"Documentação arquivada e depósito não efetuado tendo em vista falta de cumprimento de exigência formal, conforme Art. 21 da Lei 9279/96 e Art. 5º §3º da Portaria INPI/DIRPA 14/2024",Brasil,2023-12-05,2025-12-18,,Patentes,,,,,
BR 10 2023 016741 1,2023-08-21,SÍNTESE DE UM CURATIVO BIOADESIVO COM EFICÁCIA ANTIBACTERIANA SOBRE O STREPTOCCOCUS MUTANS,"MARLENY ELIZABETH MÁRQUEZ DE MARTINEZ GERBI (UPE), ALISON MENDES SILVA DE MELO (UPE), SEVERINO ALVES JUNIOR (UFPE), ELOIZA LEONARDO DE MELO (UPE), JÉSSICA MEIRINHOS MIRANDA (UPE), CLÁUDIO PAULO PEREIRA DE ASSIS (UPE), CAIO DE LIMA PIRES (UPE), SUZANE IVILA SANTOS DA ROCHA (UPE), NATHALIA SEIMI DEAMA (UPE)",UPE,FOP,"UPE, Marleny Gerbi",15.21,"Documentação arquivada e depósito não efetuado tendo em vista falta de cumprimento de exigência formal, conforme Art. 21 da Lei 9279/96 e Art. 5º §3º da Portaria INPI/DIRPA 14/2024",Brasil,2023-11-28,2025-12-18,,Patentes,,,,,
BR 10 2023 016503 6,2023-08-16,,,UPE,POLI,MK DIGITAL LTDA / FUNDAÇÃO UNIVERSIDADE DE PERNAMBUCO - UPE / GILBERTO DENIS DE SOUZA LEITE FILHO / JOÃO FAUSTO LORENZATO DE OLIVEIRA (BR/PE) / ALDONSO MARTINS DE OLIVEIRA JUNIOR ) / ALEXANDRE MAGNO ANDRADE MACIEL / DIEGO JOSÉ RÁTIVA MILLÁN ,15.21,"Documentação arquivada e depósito não efetuado tendo em vista falta de cumprimento de exigência formal, conforme Art. 21 da Lei 9279/96 e Art. 5º §3º da Portaria INPI/DIRPA 14/2024",Brasil,2024-05-07,2025-12-18,,Patentes,,,,,
BR 10 2023 012242 6 A2,2023-06-20,COMPOSIÇÃO À BASE DE EXTRATO AQUOSO DE MICROALGA PARA O TRATAMENTO DE LEISHMANIOSE E USOS,RAQUEL PEDROSA BEZERRA / ANA LUCIA FIGUEIREDO PORTO / ROMERO MARCOS PEDROSA BRANDAO COSTA / DANIELA DE ARAUJO VIANA MARQUES / ALEXSANDRA FRAZAO DE ANDRADE / DAYANE RODRIGUES DA SILVA / MILLENA PATRICIO DO NASCIMENTO FERREIRA / SABRINA SWAN SOUZA DA SILVA / MILENA DE PAIVA CAVALCANTI / MARIA GABRIELLA NUNES DE MELO / JADY MOREIRA DA SILVA / VIRGINIA MARIA BARROS DE LORENA,UPE,ICB,UPE E UFRPE,2025-01-03 00:00:00,Pedido de Patente ou de Certificado de Adição de Invenção Publicado,Brasil,2024-12-31,2025-12-18,*,Patentes,,,,,
BR 10 2023 004813 7,2023-03-15,,,UPE,,,15.21,Pedido com Numeração Anulada tendo em vista falta de cumprimento de exigência formal,Brasil,2023-06-20,2025-12-18,,Patentes,,,,,
BR 10 2022 026983 1 A2,2022-12-19,PROCESSO DE ELABORAÇÃO E USO DE BIORREATOR SUSTENTÁVEL PARA FERMENTAÇÃO EM ESTADO SÓLIDO,ROMERO MARCOS PEDROSA BRANDÃO COSTA (UPE) / RAQUEL PEDROSA BEZERRA (UFRPE) / ANA LUCIA FIGUEIREDO PORTO (UFRPE) / KETHYLEN BARBARA BARBOSA CARDOSO (UFPE) / JUANIZE MATIAS DA SILVA BATISTA (UFRPE)/ NAIRANE DA SILVA ROSA LEAO (UFRN) / LUAN NILTON DA SILVA / KETURA RHAMMA CAVALCANTE FERREIRA (UFPE) / THIAGO PAJEU NASCIMENTO (UFPI) / NILSON FERNANDO BARBOSA DA SILVA,UFRPE,ICB,UPE e UFRPE,2025-01-03 00:00:00,Pedido de Patente ou de Certificado de Adição de Invenção Publicado,Brasil,2024-07-09,2025-12-18,,Patentes,,,,,
BR 10 2022 022600 8 A2,2022-11-07,PROCESSO DE EXTRAÇÃO POR SISTEMA DE DUAS FASES AQUOSAS DE ALBUMINA,ANA LÚCIA FIGUEIREDO PORTO(UFRPE) / ELIVELTON VERISSIMO DE SOUZA (UFPE) / THIAGO PAJEÚ NASCIMENTO (UPE) / RENATA VITÓRIA DA SILVA SOBRAL / KETHYLEN BARBARA BARBOSA CARDOSO (UFPE) / JUANIZE MATIAS DA SILVA BATISTA (UFRPE) / ROMERO MARCOS PEDROSA BRANDÃO COSTA (UPE) / ANA CRISTINA LIMA LEITE (UFPE),UFRPE,ICB,"UPE, UFRPE, UFPI, UFPE",2025-01-03 00:00:00,Pedido de Patente ou de Certificado de Adição de Invenção Publicado,Brasil,2024-05-21,2025-12-18,,Patentes,,,,,
BR 10 2021 024121 7 A2,2021-11-30,ESPONJA DE GELATINA HEMOSTÁTICA REVESTIDA COM PRÓPOLIS VERDE COM ATIVIDADE ANTIOXIDANTE E ANTIBACTERIANA,KAROLINE GOMES DA SILVEIRA (UPE) / RICARDO JOSE DE HOLANDA VASCONCELLOS (UPE) / EMANUEL DIAS DE OLIVEIRA E SILVA(UPE),UPE,FOP,UPE,2001-01-11 00:00:00,Arquivamento definitivo - Artigo 33 da Lei da Propriedade Industrial (LPI),Brasil,2025-02-25,2025-12-18,,Patentes,,,,,
BR 10 2021 022189 5 A2,2021-11-05,PROCESSO SIMULTÂNEO DE EXTRAÇÃO MECÂNICA E FILTRAÇÃO DE PROTEÍNAS DO EXOCARPO E TEGUMENTO DE SEMENTES DE PRITCHARDIA PACÍFICA,ANA LÚCIA FIGUEIREDO PORTO (UFRPE) / RAQUEL PEDROSA BEZERRA (UFRPE) / ROMERO MARCOS PEDROSA BRANDAO COSTA (UPE) / KETHYLEN BARBARA BARBOSA CARDOSO (UFPE) / JUANIZE MATIAS DA SILVA BATISTA (UFRPE) / THIAGO PAJEU NASCIMENTO (UFPI) / ANNA GABRIELLY DUARTE NEVES,UFRPE,ICB,"UFPE, UPE, UFRPE",2025-01-03 00:00:00,Pedido de Patente ou de Certificado de Adição de Invenção Publicado,Brasil,2023-05-23,2025-12-18,,Patentes,,,,,
BR 10 2021 020801 5 A2,2021-10-17,TOMÓGRAFO ÓPTICO E PROCESSO DE IMAGEAMENTO DE DOCUMENTOS FÍSICOS FECHADOS,JOSÉ ROGÉRIO DE OLIVEIRA CAMPOS (UFPE) / EDGAR VITOR DE ALBUQUERQUE SANTOS (UFPE) / ANDERSON MONTEIRO AMARAL (UFPE) / LEONARDO DE SOUZA MENEZES (UFPE) / WELLINGTON PINHEIRO DOS SANTOS (UFPE)  / ANTÓNIO JOSÉ ESTÊVÃO GRANDE CANDEIAS (UNIVERSIDADE DE ÉVORA) / RICARDO EMMANUEL DE SOUZA (UFPE),UFPE,UFPE,"UFPE, UPE, Universidade de Évora",2025-01-03 00:00:00,Pedido de Patente ou de Certificado de Adição de Invenção Publicado,Brasil,2023-04-25,2025-12-18,,Patentes,,,,,
BR 20 2021 017879 0 U2,2021-09-09,SISTEMA DE ACIONAMENTO REMOTO PARA MOVIMENTO DE TRANSLAÇÃO DO REBOLO ABRASIVO UTILIZADO NA ROOT END GRINDER TYPE RG 1600-2300B,ROGÉRIO PONTES DE ARAÚJO (UPE) / GILBERTO DÊNIS DE SOUZA LEITE FILHO (UPE) / VICTOR HUGO DE BARROS CABRA \(UPE)L,Rogério Pontes,POLI,ROGÉRIO PONTES DE ARAÚJO  / GILBERTO DÊNIS DE SOUZA LEITE FILHO / VICTOR HUGO DE BARROS CABRAL / FUNDAÇÃO UNIVERSIDADE DE PERNAMBUCO - UPE / MEKATRONIK INDÚSTRIA E COMÉRCIO DE AUTOMAÇÃO LTDA ,2025-01-03 00:00:00,Pedido de Patente ou de Certificado de Adição de Invenção Publicado,Brasil,,2025-12-18,,Patentes,,,,,
BR 20 2021 014624 4 U2,2021-07-26,PLACA DE COLETOR SOLAR TERMICO COM SISTEMA LENTICULAR, LUIS ARTURO GOMEZ MALAGON (UPE) / CAIO VINICIUS PINHEIRO VITAL (UPE) / DIEGO J RATIVA MILLAN (UPE) / RENATO EVANGELISTA DE ARAUJO (UPE),Diego Rativa,POLI,"Diego Rativa, UPE",2025-01-11 00:00:00,Arquivamento definitivo - Artigo 33 da Lei da Propriedade Industrial (LPI),Brasil,2024-10-22,2025-12-18,,Patentes,,,,,
BR 10 2021 008812 5 A2,2021-05-06,DISPOSITIVO PARA REGISTRO DAS RELAÇÕES MAXILOMANDIBULARES EM ARCOS EDÊNTULOS,ADRIANA DA FONTE PORTO CARREIRO (UFRN) / ANA LARISSE CARNEIRO PEREIRA (UFPB) / RODRIGO FALCÃO CARVALHO PORTO DE FREITAS (UFRN) / SANDRA LÚCIA DANTAS DE MORAES (UPE) / ANNE KALINE CLAUDINO RIBEIRO (UFRN),UFRN,FOP,UPE E UFRN,2025-01-03 00:00:00,Pedido de Patente ou de Certificado de Adição de Invenção Publicado,Brasil,2022-06-07,2025-12-18,,Patentes,,,,,
BR 10 2020 024026 9 A2,2020-11-25,DISPOSITIVO PARA REGISTRO DAS RELAÇÕES MAXILOMANDIBULARES EM ARCOS EDÊNTULOS,ADRIANA DA FONTE PORTO CARREIRO (UFRN) / ANA LARISSE CARNEIRO PEREIRA (UFPB) / RODRIGO FALCÃO CARVALHO PORTO DE FREITAS (UFRN) / SANDRA LÚCIA DANTAS DE MORAES (UPE) / ANNE KALINE CLAUDINO RIBEIRO (UFRN),UFRN,FOP,UPE E UFRN,2025-06-03 00:00:00,Publicação do Pedido Arquivado Definitivamente,Brasil,2022-06-07,2025-12-18,,Patentes,,,,,
BR 10 2020 022866 8 A2,2020-11-10,EXTRATO ORGÂNICO OBTIDO A PARTIR DE MICRORGANISMOS FOTOSSINTETIZANTES COM POTENCIAL CICATRIZANTE E ANTIMICROBIANO,ANA LÚCIA FIGUEIREDO PORTO (UFRPE) / RAQUEL PEDROSA BEZERRA (UFRPE) / REBECA GONCALVES DE MELO (UFPE) / ROMERO MARCOS PEDROSA BRANDAO COSTA (UPE) / ALEXSANDRA FRAZÃO DE ANDRADE (UFRPE) / MILLENA PATRÍCIO DO NASCIMENTO FERREIRA (UFRPE) / JORGE VINÍCIUS FERNANDES LIMA CAVALCANTI (UFPE),UFRPE,ICB,"UPE, UFPE, E UFRPE",2025-01-03 00:00:00,Pedido de Patente ou de Certificado de Adição de Invenção Publicado,Brasil,2022-05-24,2025-12-18,,Patentes,,,,,
BR 10 2020 022860 9 A2,2020-11-10,TRIPANOCIDA NATURAL E ATÓXICO PROVENIENTE DA BIOMASSA DE MICRORGANISMO FOTOSSINTETIZANTE,DANIELA DE ARAÚJO VIANA MARQUES (UPE) / JOSÉ NOÉ DA SILVA JÚNIOR (UFPE) / ANA CARLA DA SILVA (UFRPE) / RAQUEL PEDROSA BEZERRA (UFRPE) / VIRGINIA MARIA BARROS DE LORENA (UFPE) / SILVANA DE FÁTIMA FERREIRA DA SILVA CAIRES (UFPE) / YANARA ALESSANDRA SANTANA MOURA (UFRPE) / VIVIANNE LAYS RIBEIRO CAVALCANTI (UFRPE) / MARIA RAFAELE OLIVEIRA BEZERRA DA SILVA (UPE0 / KAMILA CÁSSIA DOS SANTOS OLIVEIRA / ANA LÚCIA FIGUEIREDO PORTO (UFRPE),UPE,ICB,UPE,2025-01-11 00:00:00,Arquivamento definitivo - Artigo 33 da Lei da Propriedade Industrial (LPI),Brasil,2024-06-04,2025-12-18,,Patentes,,,,,
BR 10 2020 022748 3,2020-11-09,SISTEMA DE LIBERAÇÃO CONTROLADA DE FÁRMACO PARA AÇÃO ANTI-INFLAMATÓRIA,,,,UPE,15.21,"Documentação arquivada e depósito não efetuado tendo em vista falta de cumprimento de exigência formal, conforme Art. 21 da Lei 9279/96 e Art. 5º §3º da Portaria INPI/DIRPA 14/2024",Brasil,2021-04-20,2025-12-18,,Patentes,,,,,
BR 13 2020 017700 0 E2,2020-08-31,FORMULAÇÃO TÓPICA CICATRIZANTE À BASE DE BIOATIVOS DE MICROALGA,ANA LUCIA FIGUEIREDO PORTO (UFRPE) / RAQUEL PEDROSA BEZERRA  (UFRPE) / ALEXSANDRA FRAZAO DE ANDRADE (UFPB) / REBECA GONCALVES DE MELO (UFPE) / POLYANNA NUNES HERCULANO (UFRPE) / VALDEMIRO AMARO DA SILVA JUNIOR / MARIA HELENA MADRUGA LIMA RIBEIRO (UFPE) / JOSE LUIZ DE LIMA FILHO (UFPE) / MICALEYDE SOARES DO EGITO / WILLIANA TORRES VILELA / ROSALI MARIA FERREIRA DA SILVA / PEDRO JOSE ROLIM NETO (UFPE)/ ROMERO MARCOS PEDROSA BRANDAO COSTA (UPE) / DANIELA DE ARAUJO VIANA MARQUES (UPE) ,UFRPE,ICB,UPE,2025-03-04 00:00:00,Desarquivamento - Art. 33 parágrafo único da LPI,Brasil,2023-12-05,2025-12-18,,Patentes,,,,,
BR 20 2020 009354 7,2020-05-12,DISPOSITIVO PORTÁTIL DE BAIXO CUSTO PARA MONITORAMENTO DE SINAIS VITAIS DE PACIENTES E GERAÇÃO DE DADOS EPIDEMIOLÓGICOS,,,,UPE,15.21,"Documentação arquivada e depósito não efetuado tendo em vista falta de cumprimento de exigência formal, conforme Art. 21 da Lei 9279/96 e Art. 5º §3º da Portaria INPI/DIRPA 14/2024",Brasil,2020-09-15,2025-12-18,,Patentes,,,,,
BR 20 2019 022590 0,2019-10-29,EQUIPAMENTO PARA TESTE DE CICLAGEM TÉRMICA DE MATERIAIS ODONTOLÓGICOS,,,FOP,UPE,15.21,"Documentação arquivada e depósito não efetuado tendo em vista falta de cumprimento de exigência formal, conforme Art. 21 da Lei 9279/96 e Art. 5º §3º da Portaria INPI/DIRPA 14/2024",Brasil,2020-06-23,2025-12-18,,Patentes,,,,,
BR 10 2019 022259 0,2019-10-24,ADIÇÃO DO PÓ DE ZIRCÔNIA Y-TZP (ZIRCÔNIA TETRAGONAL ESTABILIZADA COM ÍTRIA - ZrO2(3%Y2O3)) RECICLADA AO POLI(METILMETACRIALTO DE METILA) (PMMA) TERMOATIVADO,,,FOP,UPE,15.21,"Documentação arquivada e depósito não efetuado tendo em vista falta de cumprimento de exigência formal, conforme Art. 21 da Lei 9279/96 e Art. 5º §3º da Portaria INPI/DIRPA 14/2024",Brasil,2020-03-24,2025-12-18,,Patentes,,,,,
BR 10 2018 077212 0 A2,2018-12-27,FORMULAÇÃO TÓPICA EM GEL COM ATIVIDADE CICATRIZANTE CONTENDO EXTRATO DE MICROALGA, ANA LÚCIA FIGUEIREDO PORTO (UFRPE) / RAQUEL PEDROSA BEZERRA  (UFRPE) / ROMERO MARCOS PEDROSA BRANDÃO COSTA (UPE) / DANIELA DE ARAUJO VIANA MARQUES (UPE) / ALEXSANDRA FRAZAO DE ANDRADE (UFPB) / REBECA GONCALVES DE MELO (UFPE) / POLYANNA NUNES HERCULANO (UFPE) / VALDEMIRO AMARO DA SILVA JUNIOR (UFRPE) / MARIA HELENA MADRUGA LIMA RIBEIRO (UFPE) / JOSE LUIZ DE LIMA FILHO (UFPE),UFRPE,ICB,"UPE, UFPE, E UFRPE",9.2.4 Manutenção do Indeferimento - Art. 212 da LPI,MANTIDO O INDEFERIMENTO UMA VEZ QUE NÃO FOI APRESENTADO RECURSO DENTRO DO PRAZO LEGAL.MANTIDO O INDEFERIMENTO UMA VEZ QUE NÃO FOI APRESENTADO RECURSO DENTRO DO PRAZO LEGAL.,Brasil,2024-06-25,2025-12-18,,Patentes,,,,,
BR 10 2018 007976 0,2018-04-20,Equipamento de alarme e monitoramento do nível de ruído em setores de unidades hospitalares,Marco Aurélio de Valois Correia Junior (UPE),UPE,POLI,UPE,15.21,"Documentação arquivada e depósito não efetuado tendo em vista falta de cumprimento de exigência formal, conforme Art. 21 da Lei 9279/96 e Art. 5º §3º da Portaria INPI/DIRPA 14/2024",Brasil,2018-11-13,2025-12-18,,Patentes,,,,,
BR 20 2018 007178 0 U2,2018-04-09,"MÉTODO DE RECICLAGEM DO RESÍDUO DE GESSO BETA PROVENIENTE DA INDÚSTRIA, SOB BAIXO CONSUMO ENERGÉTICO, COM VISTAS À FABRICAÇÃO DE PRÉ-MOLDADOS DE GESSO", CLÓVIS VELOSO DE SANTANA (UPE) / DEBORAH GRASIELLY CIPRIANO DA SILVA (UFPE) / YÊDA VIEIRA PÓVOAS TAVARES (UPE)   ,UPE,POLI,UPE,2025-01-11 00:00:00,Arquivamento definitivo - Artigo 33 da Lei da Propriedade Industrial (LPI),Brasil,2021-10-05,2025-12-18,,Patentes,,,,,
BR 10 2018 006778 8 A2,2018-04-04,BEBIDA VEGETAL PROBIÓTICA ENRIQUECIDA COM FARINHA DE INHAME,MANOEL ADRIAO GOMES FILHO (UFRPE) / ANDREI FELIPE LOUREIRO DO MONTE GUEDES (UFPB) / CINTHIA KARLA RODRIGUES DO MONTE GUEDES (UFPB) / BRUNO DE MELO CARVALHO (UPE),UFRPE,ICB,"UPE, UFRPE E UFPB",2004-02-09 00:00:00,Manutenção do Indeferimento - Art. 212 da LPI,Brasil,2024-11-26,2025-12-18,,Patentes,,,,,
BR 10 2018 002241 5 A2,2018-02-01,OBTENÇÃO E FORMULAÇÕES FARMACÊUTICAS BIOTECNOLÓGICAS BASEADOS EM ARQUITETURAS DENDRÍTICAS DE DERIVADO ESPIRO-ACRIDÍNICO,IANE BEZERRA VASCONCELOS ALVES (UPE)/ MARIA DO CARMO ALVES DE LIMA (UFPE) / JAMERSON FERREIRA DE OLIVEIRA / SEVERINO ALVES JÚNIOR (UFPE) / RICARDO OLIVEIRA DA SILVA (UFPE) / RICARDO OLÍMPIO DE MOURA (UEPB) / SINARA MÔNICA VITALINO DE ALMEIDA (UPE) / ANA ROSA GALDINO BANDEIRA (UFRPE) / CHARLES CHRISTOPHE DU BARRIÈRE MENDES / SANDERSSONILO DE ALBUQUERQUE DOS SANTOS (UFPE),UFRPE,ICB,"UPE, UEPB, UFPE",2025-11-08 00:00:00,Manutenção do Arquivamento,Brasil,2023-03-14,2025-12-18,,Patentes,,,,,
BR 10 2017 013082 7 A2,2017-06-19,DERIVADOS INDÓLICOS-N-ACIL-HIDRAZONAS ANTI-INFLAMATÓRIOS E ANALGÉSICOS,SINARA MÔNICA VITALINO DE ALMEIDA (UPE) / ANA DAURA TRAVASSOS DE OLIVEIRA MORAES (UFPE) / ALICE DA CONCEIÇÃO ALVES DE LIMA (UNICAP) / JOSÉ CLEBERSON SANTOS SOARES (UFPE) / MARIA DO CARMO ALVES DE LIMA (UFPE) / JAMERSON FERREIRA DE OLIVEIRA (UNILAB),UFPE,GARANHUNS,"UFPE, UPE",2025-02-11 00:00:00,"Arquivamento - Artigo 36, parágrafo §1°, da Lei da Propriedade Industrial (LPI)",Brasil,2024-05-07,2025-12-18,,Patentes,,,,,
BR 10 2017 007853 1 A2,2017-04-17,PRÓTESE DE MÃO HIDRÁULICA DE BAIXA MASSA,FRANCISCO GILFRAN ALVES MILFONT (UPE) / LUIS ARTURO GÓMEZ MALAGÓN (UPE),UPE,POLI,UPE,2025-01-11 00:00:00,Arquivamento definitivo - Artigo 33 da Lei da Propriedade Industrial (LPI),Brasil,2020-12-15,2025-12-18,,Patentes,,,,,
BR 10 2017 005445 4 A2,2017-03-17,DERIVADOS INDÓLICOS-TIOSSEMICARBAZONAS ÚTEIS AO TRATAMENTO DA LEISHMANIOSE,MARIA DO CARMO ALVES DE LIMA (UFPE) / JAMERSON FERREIRA DE OLIVEIRA / ANEKÉCIA LAURO DA SILVA (UNIVASF) / LUIZ CARLOS ALVES / FÁBIO ANDRÉ BRAYNER DOS SANTOS (UFPE) / SINARA MÔNICA VITALINO DE ALMEIDA (UPE) / PAULA ROBERTA DA SILVA / KARLA RAÍZA CARDOSO RIBEIRO  / DIOGO CHAVES GAMA AIRES  (UFPE)/ DOUGLAS DA CONCEIÇÃO ALVES DE LIMA (UNIVASF),UFPE,GARANHUNS,"UPE, UFPE, UNIVASF",2025-11-08 00:00:00,Manutenção do Arquivamento,Brasil,2023-05-02,2025-12-18,,Patentes,,,,,
BR 10 2015 016427 0 A8,2015-07-08,"PROCESSO DE OBTENÇÃO E COMPOSIÇÕES FARMACÊUTICAS DE DERIVADOS 3-(ACRIDIN-9-IL)-N-BENZILIDENO-2-CIANOACRILOHIDRAZIDAS E PRODUTOS DESSAS COMPOSIÇÕES E USO COMO ANTITUMORAL, LEISHMANICIDA, ANTIMALÁRICO E ANTICHAGÁSICO", MARIA DO CARMO ALVES DE LIMA  (UFPE) / RICARDO OLIMPIO DE MOURA (UFPB) / FRANCISCO JAIME BEZERRA MENDONÇA JUNIOR (UFPE) / LUIZ BEZERRA DE CARVALHO JUNIOR / JOÃO ERNESTO DE CARVALHHO (FAPESP)/ ANA LÚCIA TASCA GÓIS RUIZ (fFAPESP)/ SINARA MÔNICA VITALINO DE ALMEIDA (UPE)/ ROSALI MARIA FERREIRA DA SILVA (UFPE) / MARIANNA VIERIA SOBRAL / ANEKÉCIA LAURO DA SILVA (UNIVASF)/ TATIANNE MOTA BATISTA / VANESSA LIMA SERIFIM (UFPB),UFPE,GARANHUNS,"UEPB, FAPESP, UPE, UFPE, UFPB",9.24,Manutenção do Indeferimento - Art. 212 da LPI,Brasil,2023-07-04,2025-12-18,,Patentes,,,,,
BR 10 2014 016827 3 A2,2014-07-08,SÍNTESE DE NOVOS DERIVADOS 3-(ACRIDIN-9-IL)-N-BENZILIDENO-2-CIANOACRILOHIDRAZIDAS PARA O TRATAMENTO DO CÂNCER,ANA LÚCIA TASCA GOIS RUIZ (FAPESP)/ FRANCISCO JAIME BEZERRA MENDONÇA JUNIOR (UFPE) / MARIA DO CARMO ALVES DE LIMA (UFPE) / RICARDO OLIMPIO DE MOURA (UEPB) / LUIZ BEZERRA DE CARVALHO JUNIOR (FAPESP) / JOAO ERNESTO DE CARVALHO (FAPESP) / SINARA MÔNICA VITALINO DE ALMEIDA (UPE) / ROSALI MARIA FERREIRA DA SILVA (UFPE)/ MARIANNA VIEIRA SOBRAL (UFPB) / ANEKÉCIA LAURO DA SILVA (UNIVASF) / TATIANE MOTA BATISTA (UFPB)/ VANESSA DE LIMA SERIFIM,UFPE,GARANHUNS,"UEPB, FAPESP, UPE, UFPE, UFPB",2025-06-03 00:00:00,Publicação do Pedido Arquivado Definitivamente,Brasil,2018-07-31,2025-12-18,,Patentes,,,,,
,,,JOÃO PACIFICO BEZERRA NETO (UPE); MATHEUS AZEVEDO BOMFIM (UPE); PATRICIA MUNIZ MENDES FREIRE DE MOURA  (UPE); JOSÉ ANCHIETA DE BRITO (UPE); PAULA MACHADO RIBEIRO MAGALHÃES (UPE),UPE,"Petrolina, ICB, FOP, HUOC",,,,,,,,Registro de software,BR512025003608-6,2025-07-31,ProgHAM,730.0,Expedição do Certificado de Registro
,,,BYRON LEITE DANTAS BEZERRA (UPE); ARTHUR FLOR DE SOUSA NETO (UPE),UPE,Poli,,,,,,,,Registro de software,BR512025003604-3,2025-07-31,HTRS-Pollen,730.0,Expedição do Certificado de Registro
,,,VICTOR RIBEIRO NEVES (UPE); CARMELO JOSÉ ALBANEZ BASTOS FILHO (UPE); RAFAEL BÉRGAMO BARRETO DE HOLANDA (UPE); RAPHAEL B. ALENCAR (UPE); RENAN COSTA ALENCAR (UPE),UPE,"Petrolina, Poli",,,,,,,,Registro de software,BR 51 2025 002815 6,2025-06-27,VitalCheck,730.0,Expedição do Certificado de Registro
,,,BYRON LEITE DANTAS BEZERRA (UPE); ANTONIO VICTOR ALENCAR LUNDGREN (UPE); CARMELO JOSÉ ALBANEZ BASTOS FILHO (UPE),UPE,Poli,,,,,,,,Registro de software,BR 51 2025 002551 3,2025-06-12,VisualSAF,730.0,Expedição do Certificado de Registro
,,,CARLO MARCELO REVOREDO DA SILVA (UPE); JOÃO FAUSTO LORENZATO DE OLIVEIRA (UPE); RICARDO ATAÍDE DE LIMA (UPE),UPE,Poli,,,,,,,,Registro de software,BR 51 2025 001671 9,2025-04-25,PowerPc-CodeReader,730.0,Expedição do Certificado de Registro
,,,MÁRCIA REJANE OLIVEIRA BARROS CARVALHO MACEDO; JOSÉ ALBERTO OLIVEIRA MOURA FILHO; JÚLIA CARDOSO DE MATOS; ANA LUIZA OLIVEIRA MACEDO; GABRIELA CARDOSO DE MATOS; LEONARDO FERREIRA MARINHO,UPE,Poli,,,,,,,,Registro de software,BR 51 2025 001666 2,2025-04-25,RECICLA CABROBÓ,730.0,Expedição do Certificado de Registro
,,,ALEXANDRE MAGNO ANDRADE MACIEL; ANA CATARINA GOMES DA FONSECA PEREIRA; GABRIEL MAC?HAMILTON RENAUX ALVES; ROBERTO SÁ BARRETO PAIVA DA CUNHA,UPE,Poli,,,,,,,,Registro de software,BR 51 2025 000304 8,2025-01-27,FMD - Framework de Mineração de Dados,730.0,Expedição do Certificado de Registro
,,,ANA LUIZA OLIVEIRA MACEDO / GABRIELA CARDOSO DE MATOS / JOSÉ ALBERTO OLIVEIRA MOURA FILHO (UPE) / JÚLIA CARDOSO DE MATOS (UFPE) / LEONARDO FERREIRA MARINHO / MÁRCIA REJANE OLIVEIRA BARROS CARVALHO MACEDO (UPE),UPE,Poli,,,,,,,,Registro de software,BR 51 2024 001042 4,2024-04-02,CABROBÓ NA PALMA DA MÃO,730.0,Expedição do Certificado de Registro
,,,ALISSON DE LIMA ALBUQUERQUE / ANDERSON FERNANDES DE ALENCAR (FAPESP) / CLEYTON MÁRIO DE OLIVEIRA RODRIGUES (UPE) / IGOR MEDEIROS VANDERLEI (UFAPE) / JEAN CARLOS TEIXEIRA DE ARAUJO (UFRPE) / MARIEL JOSÉ PIMENTEL DE ANDRADE (UFRPE) / MATHEUS MACHADO VIEIRA (UFPR) / NATHANAEL CARAUNA SILVEIRA DA MOTTA (UPE) / RODRIGO GUSMÃO DE CARVALHO ROCHA (UFPE),UPE,Poli,,,,,,,,Registro de software,BR 51 2022 003517 0,2022-12-19,SOS Enade 2.0,730.0,Expedição do Certificado de Registro
,,,CAROLINA DA CUNHA CORREIA (UPE) / PEDRO NOGUEIRA FONTANA (UPE) / RIDEILDO DA SILVA FARIAS,UPE,HUOC,,,,,,,,Registro de software,BR 51 2022 002049 1,2022-08-01,Sistema para tomada de decisão na Prevenção Secundária do Acidente Vascular Cerebral,730.0,Expedição do Certificado de Registro
