ANO_INOV,NATUREZA_INOV,VIA_INOV,PROJETO_INOV,UNIDADE_INOV,CIDADE_INOV
2017,PD&I,IAUPE,ANÁLISE DE DADOS NO CADASTRO DA REDE DE DISTRIBUIÇÃO SECUNDÁRIA DE ENERGIA,POLI,RECIFE - PE
2017,PD&I,IAUPE,UM SISTEMA DE PREDIÇÃO BASEADO EM SENTENÇAS JUDICIAIS EXTRAÍDAS DE DADOS OFICIAIS DO SISTEMA JUDICIÁRIO UTILIZANDO MINERAÇÃO TEXTUAL,POLI,RECIFE - PE
2018,PD&I,IAUPE,ALGORÍTMOS DE RECONHECIMENTO DE ESCRITA E PROCESSAMENTO DE IMAGENS PARA BPO DE DOCUMENTOS,POLI,OLINDA - PE
2018,PD&I,IAUPE,PROJETO 1: ANÁLISE DA VIDA ÚTIL DE EQUIPAMENTOS ELETRODOMÉSTICOS PROTEGIDOS POR DISPOSITIVO DE PROTEÇÃO CONTRA SURTOS.,UNIDADE NÃO INFORMADA,LAGOA SANTA - MG
2019,PD&I,IAUPE,INTEGRAÇÃO DE SISTEMA DE ANALYTICS EM TEMPO REAL EM PLANTA INDUSTRIAL,POLI,RECIFE - PE
2019,PD&I,IAUPE,SUB PROJETO Nº 1: ESTUDO DE ISOLADOS DO VÍRUS DA ARTRITE-ENCEFALITE CAPRINA (CAEV) PARA IMUNOTERAPIA DE INFECÇÕES POR RETROVÍRUS HETERÓLOGOS,ICB,GOIANA - PE
2019,PD&I,IAUPE,TERMO ADITIVO - CONVÊNIO - UPE - IAUPE - OF JOSEPH PB&T BRASIL LTDA QUE TEM POR OBJETIVO A PRORROGAÇÃO DA VIGÊNCIA DO CONVÊNIO FIRMADO PELAS PARTES EM 20 DE AGOSTO DE 2019,ICB,GOIANA - PE
2019,PD&I,IAUPE,PAMESA 4.0 - DIGITALIZANDO A MANUFATURA,POLI,CABO DE SANTO AGOSTINHO - PE
2019,PD&I,IAUPE,DESENVOLVIMENTO DE UM PORTAL DE ANÁLISE DE IMAGENS,POLI,CURITIBA - PR
2019,RESITEC,UPE,PE 4.0,POLI,RECIFE - PE
2019,RESITEC,UPE,CLOUD COMPUTING,POLI,RECIFE - PE
2020,PD&I,IAUPE,ACIONAMENTO REMOTO DO SISTEMA PARA AVANÇO DE FERRAMENTA DA ROOT GRINDER,POLI,BOITUVA - SP
2020,PD&I,IAUPE,PROJETO 2: ANÁLISE DA VIDA ÚLTIL DE MODEMS ÓPTICOS SUBMETIDOS A SURTOS DE ALTA TENSÃO COM E SEM A PROTEÇÃO DE DISPOSITIVO DE PROTEÇÃO CONTRA SURTOS.,UNIDADE NÃO INFORMADA,LAGOA SANTA - MG
2020,PD&I,IAUPE,QUALYCRIL – FLOWBOARD ONLINE,POLI,JANDIRA - SP
2020,PD&I,IAUPE,MELHORIA DA QUALIDADE E GESTÃO DE DÍVIDA TÉCNICA EM PROJETOS DE SOFTWARE: POTENCIALIZANDO A COLABORAÇÃO ENTRE INDÚSTRIA E ACADEMIA,POLI,CARUARU - PE
2020,PD&I,IAUPE,SECAGEM DE MINÉRIOS USANDO ENERGIA SOLAR CONCENTRADA,POLI,RECIFE - PE
2020,PD&I,IAUPE,SISTEMA DE ANÁLISE E MINERAÇÃO DE SENTENÇAS,POLI,RECIFE - PE
2020,PD&I,IAUPE,DESENVOLVIMENTO TECNOLÓGICO E INOVAÇÃO DAS VEDAÇÕES VERTICAIS DE EDIFICAÇÃO DE MÚLTIPLOS PAVIMENTOS,POLI,RECIFE - PE
2020,PD&I,IAUPE,"FASE 1 - PROJETO ""A"": BODYMAKER SMART SYSTEM",POLI,CABO DE SANTO AGOSTINHO - PE
2020,PD&I,IAUPE,"FASE 1 - PROJETO ""B"" PLATAFORMA ABERTA DE INTELIGÊNCIA DE MANUFATURA",POLI,CABO DE SANTO AGOSTINHO - PE
2020,PD&I,IAUPE,CAMPARI - PLATAFORMA ABERTA DE INTELIGÊNCIA DE MANUFATURA,POLI,CABO DE SANTO AGOSTINHO - PE
2020,RESITEC,IAUPE,INTELIGÊNCIA ARTIFICIAL,POLI,RECIFE - PE
2020,RESITEC,VIA NÃO INFORMADA,SUDENE - NE 4.0/2020,UNIDADE NÃO INFORMADA,RECIFE - PE
2021,PD&I,VIA NÃO INFORMADA,SISTEMA DE ANÁLISE E MINERAÇÃO DE SENTENÇAS TRABALHISTAS,POLI,RECIFE - PE
2021,PD&I,VIA NÃO INFORMADA,SISTEMA DE INSPEÇÃO 2 E 3D AUTOMÁTICO PARA DETECÇÃO DE DEFEITOS NAS COBERTURAS DE CORREIAS TRANSPORTADORAS,POLI,RECIFE - PE
2021,PD&I,VIA NÃO INFORMADA,ARRANJO TÉCNICO PARA AUMENTO DA CONFIABILIDADE E SEGURANÇA ELÉTRICA APLICANDO ARMAZENAMENTO DE ENERGIA POR BATERIAS E SISTEMAS FOTOVOLTAICOS AO SERVIÇO AUXILIAR DE SUBESTAÇÕES 230/500 KV,POLI,RECIFE - PE
2021,PD&I,VIA NÃO INFORMADA,DESENVOLVIMENTO DE UM SISTEMA DE ACOMPANHAMENTO DE PRODUÇÃO,POLI,BELO HORIZONTE - MG
2021,PD&I,VIA NÃO INFORMADA,SISTEMA INTELIGENTE PARA CONSTRUÇÃO DE CONTESTAÇÕES CÍVIS,POLI,RECIFE - PE
2021,PD&I,VIA NÃO INFORMADA,AUTOMAÇÃO DE PROCESSOS EM AMBIENTES DE GÊMEOS DIGITAIS: PROCESSOS INTERNOS DAS ORGANIZAÇÕES,POLI,RECIFE - PE
2021,PD&I,VIA NÃO INFORMADA,CLINICLABS: GERENCIAMENTO DE TECHNICAL DEBT E DESENVOLVIMENTO DE UM MÓDULO INTELIGENTE PARA PREDIÇÃO DE DOENÇAS,POLI,CARUARU - PE
2021,PD&I,VIA NÃO INFORMADA,DIAGNÓSTICO DE FALHAS EM TRANSFORMADORES DE CORRENTE,UNIDADE NÃO INFORMADA,RECIFE - PE
2021,PD&I,VIA NÃO INFORMADA,PLATAFORMA INTELIGENTE PARA ASSESSORIA JURÍDICA,POLI,RECIFE - PE
2021,PD&I,VIA NÃO INFORMADA,DETECÇÃO DE LANDMARKS EM IMAGENS ORTODÔNTICAS,POLI,RECIFE - PE
2021,PD&I,VIA NÃO INFORMADA,ANÁLISE DA VIDA ÚTIL DE LÂMPADAS LED SUBMETIDAS A SURTOS ELÉTRICOS DE ALTA TENSÃO,UNIDADE NÃO INFORMADA,LAGOA SANTA - MG
2021,PD&I,VIA NÃO INFORMADA,PLATAFORMA INTELIGENTE PARA ASSESSORIA JURÍDICA – 2.0,POLI,RECIFE - PE
2021,PD&I,VIA NÃO INFORMADA,ROCA 4.0 - FASE 1: PLATAFORMA DE INTELIGÊNCIA DE MANUFATURA APLICADA À PRENSA SACMI E A RASTREABILIDADE DE PRODUTOS EM PROCESSO,POLI,RECIFE - PE
2021,PD&I,VIA NÃO INFORMADA,SUB PROJETO Nº 2: AVALIAÇÃO DE SISTEMA NANOESTRUTURADO AMPARO® PARA TRATAMENTO DA COVID19,ICB,GOIANA - PE
2021,PD&I,VIA NÃO INFORMADA,INDORAMA FIBRAS 4.0 - FASE 1: ANALYTICS E ESTIMAÇÃO ONLINE DE CARACTERÍSTICAS DA FIBRA,POLI,CABO DE SANTO AGOSTINHO - PE
2021,PD&I,VIA NÃO INFORMADA,CAMPARI 4.0 - FASE 2: SISTEMA DE RASTREABILIDADE E ANALYTICS PARA PROCESSOS DE FORMULAÇÃO DE BEBIDAS,UNIDADE NÃO INFORMADA,CABO DE SANTO AGOSTINHO - PE
2021,PD&I,VIA NÃO INFORMADA,SOLDAGEM AUTÔNOMA POR INTELIGÊNCIA ARTIFICIAL,UNIDADE NÃO INFORMADA,SANTA CRUZ DE MINAS - MG
2021,PD&I,VIA NÃO INFORMADA,RAVE - RECONHECIMENTO DE ATRIBUTOS DE VEICULARES A PARTIR DE IMAGENS DE CÂMERAS DE TRÂNSITO,UNIDADE NÃO INFORMADA,CURITIBA - PR
2021,PD&I,VIA NÃO INFORMADA,1ª ETAPA: DESENVOLVER SISTEMA DE SECAGEM DO BAGAÇO DE CANA-DE-AÇÚCAR EM SISTEMA DE COGERAÇÃO DE ENERGIA.,UNIDADE NÃO INFORMADA,VITÓRIA DE SANTO ANTÃO - PE
2021,PD&I,VIA NÃO INFORMADA,DESENVOLVER PLATAFORMA DE IDENTIFICAÇÃO DE PRAZOS TRABALHISTAS,UNIDADE NÃO INFORMADA,RECIFE - PE
2021,PD&I,VIA NÃO INFORMADA,SMART-STREAM: COLETANDO E ANALISANDO DADOS DE ILUMINAÇÃO PÚBLICA A PARTIR DE UM STREAM DE DADOS,UNIDADE NÃO INFORMADA,CURITIBA - PR
2021,RESITEC,VIA NÃO INFORMADA,CIÊNCIA DE DADOS,UNIDADE NÃO INFORMADA,RECIFE - PE
2022,PD&I,VIA NÃO INFORMADA,PLATAFORMA INTELIGENTE PARA ASSESSORIA JURÍDICA 3.0,UNIDADE NÃO INFORMADA,RECIFE - PE
2022,PD&I,VIA NÃO INFORMADA,SINCRONIZAÇÃO INTELIGENTE DOS CICLOS DA ACIARIA,UNIDADE NÃO INFORMADA,RECIFE - PE
2022,PD&I,VIA NÃO INFORMADA,"DESENVOLVER UM MECANISMO ANTIPHISHING CAPAZ DE IDENTIFICAR E MITIGAR ATAQUES DE PHISHING DIRECIONADOS, COM SEU MODELO SUSTENTADO POR UMA ÁRVORE DE REGRAS BASEADAS EM REPUTAÇÃO",UNIDADE NÃO INFORMADA,RECIFE - PE
2022,PD&I,VIA NÃO INFORMADA,DESENVOLVER PLATAFORMA DE IDENTIFICAÇÃO DE PRAZOS TRABALHISTAS 2.0,UNIDADE NÃO INFORMADA,RECIFE - PE
2022,PD&I,VIA NÃO INFORMADA,DESENVOLVIMENTO DE UM SISTEMA DE JIGA DE TESTES PARA MONITORAMENTO DA QUALIDADE DOS INSUMOS UTILIZADOS NA LINHA DE PRODUÇÃO,UNIDADE NÃO INFORMADA,BELO HORIZONTE - MG
2022,PD&I,VIA NÃO INFORMADA,"PLATAFORMA INTELIGENTE PARA 
 ASSESSORIA JURÍDICA 4.0",UNIDADE NÃO INFORMADA,RECIFE - PE
2022,PD&I,VIA NÃO INFORMADA,"FASE 2 - PROJETO ""C"": SISTEMA PARA SUPORTE À GESTÃO DATA-DRIVEN",UNIDADE NÃO INFORMADA,CABO DE SANTO AGOSTINHO - PE
2022,PD&I,VIA NÃO INFORMADA,"FASE 2 - PROJETO ""D"": PLATAFORMA DE GÊMEOS DIGITAIS",UNIDADE NÃO INFORMADA,CABO DE SANTO AGOSTINHO - PE
2022,PD&I,VIA NÃO INFORMADA,"RAVE 2 - OTIMIZAÇÃO DE REDES 
 NEURAIS PROFUNDAS PARA CLASSIFICAÇÃO 
 VEICULAR",UNIDADE NÃO INFORMADA,CURITIBA - PR
2022,PD&I,VIA NÃO INFORMADA,UTILIZAÇÃO DE SMART CONTRACTS EM BLOCKCHAIN NA ESFERA JURÍDICA: APLICABILIDADE E IMPACTOS (1),UNIDADE NÃO INFORMADA,RECIFE - PE
2022,PD&I,VIA NÃO INFORMADA,"PESQUISAR AS NECESSIDADES DA CADEIA PRODUTIVA DO SETOR DA CONSTRUÇÃO, EFETIVAR AÇÕES VOLTADAS À INOVAÇÃO E AO DESENVOLVIMENTO TECNOLÓGICO DAS EMPRESAS E PROMOVER A DISSEMINAÇÃO DO CONHECIMENTO.",UNIDADE NÃO INFORMADA,RECIFE - PE
2022,PD&I,VIA NÃO INFORMADA,"PINSA - PLATAFORMA INTELIGENTE EM 
 NÉVOA PARA SEGURANÇA AUTOMATIZADA",UNIDADE NÃO INFORMADA,RECIFE - PE
2022,PD&I,VIA NÃO INFORMADA,MINISTRAR O CURSO DE PÓS-GRADUAÇÃO LATO SENSU EM VIRTUALIZAÇÃO DE REDES.,UNIDADE NÃO INFORMADA,RECIFE - PE
2022,PD&I,VIA NÃO INFORMADA,DESENVOLVIMENTO TECNOLÓGICO E INOVAÇÃO DAS VEDAÇÕES VERTICAIS DE EDIFICAÇÃO DE MÚLTIPLOS PAVIMENTOS.,UNIDADE NÃO INFORMADA,RECIFE - PE
2022,PD&I,VIA NÃO INFORMADA,DESENVOLVER PLATAFORMA DE IDENTIFICAÇÃO DE PRAZOS TRABALHISTAS 3.0,UNIDADE NÃO INFORMADA,RECIFE - PE
2022,PD&I,VIA NÃO INFORMADA,"PLATAFORMA INTELIGENTE PARA 
 ASSESSORIA JURÍDICA – 5.0",UNIDADE NÃO INFORMADA,RECIFE - PE
2022,PD&I,VIA NÃO INFORMADA,UTILIZAÇÃO DE SMART CONTRACTS EM BLOCKCHAIN NA ESFERA JURÍDICA: APLICABILIDADE E IMPACTOS DE UMA REDE PERMISSIONADA NO PROCESSO DE M&A COM DUE DILIGENCE,UNIDADE NÃO INFORMADA,RECIFE - PE
2022,PD&I,VIA NÃO INFORMADA,"ANÁLISE DO NÍVEL DE TENSÃO RESIDUAL 
 NO RAMO DPS PROVOCADO PELA UTILIZAÇÃO DE PROTEÇÃO CONTRA SOBRECORRENTES *",UNIDADE NÃO INFORMADA,LAGOA SANTA - MG
2022,PD&I,VIA NÃO INFORMADA,DESENVOLVER PLATAFORMA DE IDENTIFICAÇÃO DE PRAZOS TRABALHISTAS 4.0,UNIDADE NÃO INFORMADA,RECIFE - PE
2022,PD&I,VIA NÃO INFORMADA,"PLATAFORMA INTELIGENTE PARA 
 ASSESSORIA JURÍDICA – 6.0",UNIDADE NÃO INFORMADA,RECIFE - PE
2022,PD&I,VIA NÃO INFORMADA,UTILIZAÇÃO DE SMART CONTRACTS EM BLOCKCHAIN NA ESFERA JURÍDICA 3.0,UNIDADE NÃO INFORMADA,RECIFE - PE
2022,PD&I,VIA NÃO INFORMADA,2ª ETAPA: DESENVOLVER SISTEMA DE SECAGEM DO BAGAÇO DE CANA-DE-AÇÚCAR EM SISTEMA DE COGERAÇÃO DE ENERGIA.,UNIDADE NÃO INFORMADA,VITÓRIA DE SANTO ANTÃO - PE
2022,PD&I,VIA NÃO INFORMADA,"NATTO DIGITAL: VISIBILIDADE E PERFORMANCE NA MANUFATURA COM OBJETIVO DE DESENVOLVER UMA SOLUÇÃO CAPAZ DE COLETAR E ARMAZENAR OS DADOS DE MÁQUINAS E DE OUTROS SISTEMAS, TORNANDO-OS FACILMENTE ACESSÍVEIS POR SOLUÇÕES DIGITAIS DE VISUALIZAÇÃO E ANÁLISE",UNIDADE NÃO INFORMADA,RECIFE - PE
2022,PD&I,VIA NÃO INFORMADA,ANÁLISE DA VIDA ÚTIL DE INVERSORES DE FREQUÊNCIA SUBMETIDOS A SURTOS ELÉTRICOS DE ALTA TENSÃO.,UNIDADE NÃO INFORMADA,LAGOA SANTA - MG
2022,PD&I,VIA NÃO INFORMADA,DESENVOLVER PLATAFORMA DE IDENTIFICAÇÃO DE PRAZOS TRABALHISTAS 5.0,UNIDADE NÃO INFORMADA,RECIFE - PE
2022,PD&I,VIA NÃO INFORMADA,"FASE 3: ""E"" SISTEMAS PARA SUPORTE À GESTÃO DATA-DRIVEN, CUJO OBJETIVO É DESENVOLVER UM CONJUNTO DE RECURSOS QUE DEEM TRANSPARÊNCIA ÀS CONDIÇÕES OPERACIONAIS DAS LINHAS DE PRODUÇÃO DA BALL, CONSOLIDANDO O ÍNDICE DE MATURIDADE 4, DA ACATECH.",UNIDADE NÃO INFORMADA,CABO DE SANTO AGOSTINHO - PE
2022,SERVIÇO TECNOLÓGICO,VIA NÃO INFORMADA,"SECTI /2022
 Nº 03/2022",UNIDADE NÃO INFORMADA,RECIFE - PE
2022,SERVIÇO TECNOLÓGICO,VIA NÃO INFORMADA,TCE / 2022 (1ª E 2ª FASE),UNIDADE NÃO INFORMADA,RECIFE - PE
2023,PD&I,VIA NÃO INFORMADA,PAMESA DIGITAL - FASE 1: PLATAFORMA DE INTELIGÊNCIA DE MANUFATURA APLICADA À CLASSIFICAÇÃO DE PERDAS EM FINAL DE LINHA DE PRODUÇÃO E CONTROLE ESTATÍSTICO DE PROCESSO.,UNIDADE NÃO INFORMADA,CABO DE SANTO AGOSTINHO - PE
2023,PD&I,VIA NÃO INFORMADA,DESENVOLVIMENTO DO PROJETO CAMPARI 4.0 – FASE 3: AUTOMAÇÃO E INTELIGÊNCIA NO PROCESSO DE FORMULAÇÃO.,UNIDADE NÃO INFORMADA,CABO DE SANTO AGOSTINHO - PE
2023,PD&I,VIA NÃO INFORMADA,PROJETO CRISTALPET DIGITAL: VISIBILIDADE E PERFORMANCE EM PROCESSOS. O OBJETIVO DESTE TRABALHO É PROMOVER A TRANSFORMAÇÃO DIGITAL EM 5 DIFERENTES ÁREAS DE NEGÓCIO ATRAVÉS DA IMPLEMENTAÇÃO DE SOLUÇÕES ESPECÍFICAS NO PLANO DE TRABALHO.,UNIDADE NÃO INFORMADA,MACEIÓ - AL
2023,PD&I,VIA NÃO INFORMADA,"PROJETO CHLORUM DIGITAL:
 VISIBILIDADE E PERFORMANCE NA INDÚSTRIA",UNIDADE NÃO INFORMADA,IGARASSU - PE
2023,PD&I,VIA NÃO INFORMADA,EXPANSÃO DA RASTREABILIDADE E AVANÇO PARA ÍNDICE MATURIDADE 4 CONTEMPLANDO EXPANSÃO DO SISTEMA DE RASTREABILIDADE DE MATERIAIS PARA TODOS OS SKUS DA FÁBRICA E APERFEIÇOAMENTO DO SISTEMA DE GERENCIAMENTO DE PERFORMANCE E DE PROCESSO DA PRENSA SACMI.,UNIDADE NÃO INFORMADA,RECIFE - PE
2023,PD&I,VIA NÃO INFORMADA,"PLATAFORMA INTELIGENTE PARA 
 ASSESSORIA JURÍDICA – 7.0",UNIDADE NÃO INFORMADA,RECIFE - PE
2023,RESITEC,VIA NÃO INFORMADA,REALIZAÇÃO DE UM PROGRAMA DE RESIDÊNCIA TECNOLÓGICA DE FORMA A CONTEMPLAR APOIO NO DESENVOLVIMENTO DE PROJETO DE INOVAÇÃO TECNOLÓGICA JUNTO A 16 PROFISSIONAIS. RESIDÊNCIA DE CIÊNCIA DE DADOS,UNIDADE NÃO INFORMADA,RECIFE - PE
2023,PD&I,VIA NÃO INFORMADA,DESENVOLVIMENTO DE SISTEMA DE RECOMENDAÇÃO DE HIDRÔMETRO E ANÁLISE PREDITIVA DE PERDAS EM REDES DE TELEMETRIA.,POLI,RECIFE - PE
2023,PD&I,VIA NÃO INFORMADA,PARTÍCIPES PARA DESENVOLVER PROJETO PARA UTILIZAÇÃO DE SMARTCONTRACTS EM BLOCKCHAIN NA ESFERA JURÍDICA 4.0,UNIDADE NÃO INFORMADA,RECIFE - PE
2023,PD&I,VIA NÃO INFORMADA,DESENVOLVER PLATAFORMA DE IDENTIFICAÇÃO DE PRAZOS TRABALHISTAS 6.0,UNIDADE NÃO INFORMADA,RECIFE - PE
2023,PD&I,VIA NÃO INFORMADA,DESENVOLVIMENTO DE UM SISTEMA AUTOMATIZADO PARA CONTROLE DE ESTOQUE E APOIO À RPA,UNIDADE NÃO INFORMADA,BELO HORIZONTE - MG
2023,PD&I,VIA NÃO INFORMADA,UTILIZAÇÃO DE SMART CONTRACTS EM BLOCKCHAIN NA ESFERA JURÍDICA 5.0,UNIDADE NÃO INFORMADA,RECIFE - PE
2023,PD&I,VIA NÃO INFORMADA,"PLATAFORMA INTELIGENTE PARA 
 ASSESSORIA JURÍDICA – 8.0",UNIDADE NÃO INFORMADA,RECIFE - PE
2023,PD&I,VIA NÃO INFORMADA,"PESQUISA, INOVAÇÃO E DESENVOLVIMENTO TECNOLÓGICO NA CONSTRUÇÃO DE EDIFÍCIOS.",UNIDADE NÃO INFORMADA,RECIFE - PE
2023,PD&I,VIA NÃO INFORMADA,REDUÇÃO DA PERDA DE BORDO NA FABRICAÇÃO DE VIDROS PLANOS,UNIDADE NÃO INFORMADA,RECIFE - PE
2023,PD&I,VIA NÃO INFORMADA,CONSTRUÇÃO DO CFD DO FORNO-1 VIVIX,POLI,RECIFE - PE
2023,PD&I,VIA NÃO INFORMADA,DESENVOLVIMENTO TECNOLÓGICO E INOVAÇÃO DAS VEDAÇÕES VERTICAIS DE EDIFICAÇÃO DE MÚLTIPLOS PAVIMENTOS,POLI,RECIFE - PE
2023,PD&I,VIA NÃO INFORMADA,IDENTIFICAÇÃO DE PRAZOS TRABALHISTAS 7.0,POLI,RECIFE - PE
2023,PD&I,VIA NÃO INFORMADA,EXPLICABILIDADE E INTERPRETABILIDADE DE MODELOS DE APRENDIZADO DE MÁQUINA PROFUNDO PARA APLICAÇÕES EM SAÚDE,POLI,RECIFE - PE
2023,PD&I,VIA NÃO INFORMADA,FORNO-1 VIVIX VIA GÊMEOS DIGITAIS,POLI,RECIFE - PE
2023,PD&I,VIA NÃO INFORMADA,FORMAÇÃO DE BOLHAS NA FABRICAÇÃO DE VIDROS PLANOS,POLI,RECIFE - PE
2023,PD&I,VIA NÃO INFORMADA,PLATAFORMA INTELIGENTE PARA ASSESSORIA JURÍDICA 9.0,POLI,RECIFE - PE
2023,PD&I,VIA NÃO INFORMADA,UTILIZAÇÃO DE SMART CONTRACTS EM BLOCKCHAIN NA ESFERA JURÍDICA 6.0,POLI,RECIFE - PE
2023,PD&I,VIA NÃO INFORMADA,"AGENTES DE IA PARA MODERAÇÃO, RELATORIA E ACOMPANHAMENTO DE REUNIÕES VIRTUAIS",POLI,CAMARAGIBE - PE
2023,PD&I,VIA NÃO INFORMADA,IDENTIFICAÇÃO DE PRAZOS TRABALHISTAS 8.0,POLI,RECIFE - PE
2023,PD&I,VIA NÃO INFORMADA,PLATAFORMA DIGITAL PARA O DESENVOLVIMENTO DE CIDADES INTELIGENTES E SUSTENTÁVEIS,POLI,CABROBÓ - PE
2023,PD&I,VIA NÃO INFORMADA,DESENVOLVIMENTO DE UM AMBIENTE DE PESQUISA E INOVAÇÃO DE PROCESSOS DE NEGÓCIO VISION ONE.,FCAP,RECIFE - PE
2023,PD&I,VIA NÃO INFORMADA,ASSESSORIA JURÍDICA 10.0,POLI,RECIFE - PE
2023,PD&I,VIA NÃO INFORMADA,SMART CONTRACTS EM BLOCKCHAIN NA ESFERA JURÍDICA 7.0,POLI,RECIFE - PE
2023,PD&I,VIA NÃO INFORMADA,RECFACE 1,POLI,CURITIBA - PR
2023,PD&I,VIA NÃO INFORMADA,GESTÃO DE SEGURANÇA DO TRABALHO EM OBRAS DE CONSTRUÇÃO ATRAVÉS DE INDICADORES DE SEGURANÇA - ESTUDO EM CONSTRUÇÕES VERTICAIS,POLI,RECIFE - PE
2023,PD&I,VIA NÃO INFORMADA,"DESENVOLVIMENTO DE SISTEMA DE GESTÃO, COMPOSTO POR UM APLICATIVO MOBILE (APP) E UM AMBIENTE WEB, INTEGRADOS, PARA PROMOVER A INTERAÇÃO ENTRE A POPULAÇÃO E O GESTOR MUNICIPAL.",POLI,VITÓRIA DE SANTO ANTÃO - PE
2023,PD&I,VIA NÃO INFORMADA,PRAZOS TRABALHISTAS 9.0,POLI,RECIFE - PE
2023,PD&I,VIA NÃO INFORMADA,PROTÓTIPO ANALISADOR DE DISPOSITIVOS DE PROTEÇÃO CONTRA SURTOS (DPS),UNIDADE NÃO INFORMADA,LAGOA SANTA - MG
2023,PD&I,VIA NÃO INFORMADA,INDORAMA FIBRAS 4.0: SISTEMA AUTOMATIZADO PARA COLETA DE AMOSTRAS DE FIBRAS,POLI,CABO DE SANTO AGOSTINHO - PE
2023,PD&I,VIA NÃO INFORMADA,INDORAMA POLÍMEROS DIGITAL - FASE 1: INTELIGÊNCIA ARTIFICIAL APLICADA AO PROCESSO DE OSMOSE REVERSA.,POLI,CABO DE SANTO AGOSTINHO - PE
2023,PD&I,VIA NÃO INFORMADA,"SISTEMA DE DIGITALIZAÇÃO, RASTREABILIDADE E RECONHECIMENTO DE PADRÕES",POLI,CABO DE SANTO AGOSTINHO - PE
2023,PD&I,VIA NÃO INFORMADA,NATTO DIGITAL: OTIMIZAÇÃO DE PLANEJAMENTO DE PRODUÇÃO.,POLI,RECIFE - PE
2023,PD&I,VIA NÃO INFORMADA,"AUTOMATIZAÇÃO DE ARMAZENAMENTO, ACOMPANHAMENTO E OTIMIZAÇÃO DE PROCESSOS NA PITU.",POLI,VITÓRIA DE SANTO ANTÃO - PE
2023,PD&I,VIA NÃO INFORMADA,ROCA DIGITAL - FASE 3: EXPANSÃO DA RASTREABILIDADE - 100% DOS CARROS.,POLI,RECIFE - PE
2023,PD&I,VIA NÃO INFORMADA,CAPE DIGITAL: VISIBILIDADE E PERFORMANCE NA INDÚSTRIA.,POLI,IGARASSU - PE
2023,PD&I,VIA NÃO INFORMADA,"FIRMWARE-GREEN: PROTOTIPANDO UMA INFRAESTRUTURA EMBARCADA PARA COMUNICAÇÃO MULTIMEIOS ATRAVÉS DA INTEGRAÇÃO DO MÓDULO NBIOT, MÓDULO WISUN E MÓDULO LORAWAN/SIGFOX.",CARUARU,CURITIBA - PR
2023,RESITEC,VIA NÃO INFORMADA,AGRO 4.0,PETROLINA,BRASÍLIA - DF
2023,PD&I,VIA NÃO INFORMADA,ATI/TCE/UPE - 2023,POLI,RECIFE - PE
2023,RESITEC,VIA NÃO INFORMADA,SDSCJPVD /2023,MATA NORTE,RECIFE - PE
2023,SERVIÇO TECNOLÓGICO,VIA NÃO INFORMADA,SESI /2023,ESEF,RECIFE - PE
2023,INOVAÇÃO ABERTA,VIA NÃO INFORMADA,INOVAÇÃO ABERTA POLI - 2023.1,POLI,RECIFE - PE
2023,INOVAÇÃO ABERTA,VIA NÃO INFORMADA,INOVAÇÃO ABERTA POLI - 2023.2,POLI,RECIFE - PE
2023,INOVAÇÃO ABERTA,VIA NÃO INFORMADA,INOVAÇÃO ABERTA PETROLINA - 2023,PETROLINA,PETROLINA - PE
2023,INOVAÇÃO ABERTA,VIA NÃO INFORMADA,INOVAÇÃO ABERTA CARUARU - 2023,CARUARU,CARUARU - PE
2023,INOVAÇÃO ABERTA,VIA NÃO INFORMADA,INOVAÇÃO ABERTA ARCOVERDE - 2023,ARCOVERDE,ARCOVERDE - PE
2023,PD&I,VIA NÃO INFORMADA,DESENVOLVER TRABALHOS DE PESQUISA E DESENVOLVIMENTO ASSOCIADOS À TEMÁTICA DA IMPLEMENTAÇÃO DE NOVAS TOPOLOGIAS DE MICRORREDES (MRS).,POLI,FOZ DO IGUAÇU - PR
2024,PD&I,IAUPE,PLATAFORMA INTELIGENTE PARA ASSESSORIA JURÍDICA – 11.0,POLI,RECIFE - PE
2024,PD&I,IAUPE,UTILIZAÇÃO DE SMART CONTRACTS EM BLOCKCHAIN NA ESFERA JURÍDICA 8.0,POLI,RECIFE - PE
2024,PD&I,IAUPE,DESENVOLVIMENTO DE SOFTWARE BACKEND E COMPUTAÇÃO NA NUVEM,GARANHUNS,RECIFE - PE
2024,PD&I,IAUPE,IDENTIFICAÇÃO DE VARIÁVEIS QUE INFLUENCIAM A FORMAÇÃO DE BOLHAS DURANTE O PROCESSO DE FABRICAÇÃO DE VIDROS PLANOS.,POLI,RECIFE - PE
2024,PD&I,IAUPE,FORNO-1 VIVIX VIA GÊMEOS DIGITAIS,POLI,RECIFE - PE
2024,PD&I,IAUPE,REDUÇÃO DA PERDA DE BORDO NA FABRICAÇÃO DE VIDROS PLANOS,POLI,RECIFE - PE
2024,PD&I,IAUPE,SISTEMA DE ANÁLISE E MINERAÇÃO DE SENTENÇAS,POLI,CABO DE SANTO AGOSTINHO - PE
2024,PD&I,IAUPE,MOURA DIGITAL - FASE 1,POLI,JABOATÃO DOS GUARARAPES - PE
2024,PD&I,UPE,PROJETO DE INOVAÇÃO TECNOLÓGICA EM SAÚDE CARDIOVASCULAR PROCAPE/UPE (ITECH-PROCAPE/UPE),POLI,RECIFE - PE
2024,PD&I,IAUPE,OCR - TECNOLOGIA DE RECONHECIMENTO DE PLACAS VEICULARES ATRAVÉS DE IMAGENS DISPONIBILIZADAS VIA STREAMING DO EQUIPAMENTO MDVR.,GARANHUNS,BARUERI - SP
2024,PD&I,IAUPE,MONITORAMENTO EM TEMPO REAL DE UMA USINA SOLAR FOTOVOLTAICA UTILIZANDO SENSORIAMENTO INTEGRADO À COMPUTAÇÃO EM NUVEM,PETROLINA,RECIFE - PE
2024,PD&I,IAUPE,IDENTIFICAÇÃO DE PRAZOS TRABALHISTA 10.0,POLI,RECIFE - PE
2024,PD&I,IAUPE,MAPEAMENTO TÉRMICO DE PAREDES REFRATÁRIAS DO FORNO VIVIX,POLI,RECIFE - PE
2024,PD&I,IAUPE,ANÁLISE AVANÇADA DE DADOS APLICADA À QUALIDADE DE VIDROS FLOAT,POLI,RECIFE - PE
2024,PD&I,IAUPE,ANÁLISE DE DEFEITOS EM VIDROS TRANSFORMADOS: CONTROLE DE QUALIDADE COM DATA ANALYTICS,POLI,RECIFE - PE
2024,RESITEC,UPE,NE 4.0 - SETORES ESTRATÉGICOS,POLI,RECIFE - PE
2024,RESITEC,UPE,SEPLAG - 2024,UNIDADE NÃO INFORMADA,RECIFE - PE
2024,PD&I,UPE,2º ADITIVO TCE - 2024 (3ª FASE) - 2024,UNIDADE NÃO INFORMADA,RECIFE - PE
2024,PD&I,UPE,SEMAS - APLICAÇÃO PLANTAR JUNTOS,UNIDADE NÃO INFORMADA,RECIFE - PE
2024,PD&I,IAUPE,PLATAFORMA DIGITAL PARA O DESENVOLVIMENTO DE CIDADES INTELIGENTES E SUSTENTÁVEIS,UNIDADE NÃO INFORMADA,TACARATU - PE
2024,PD&I,IAUPE,SIGNAPP: APLICATIVO MÓVEL COMO INOVAÇÃO TECNOLÓGICA PARA OS PROCESSOS DE ASSINATURAS DOCUMENTAIS,UNIDADE NÃO INFORMADA,BELO HORIZONTE - MG
2024,PD&I,IAUPE,DESENVOLVIMENTO DE MODELOS DE APRENDIZADO DE MÁQUINA PARA PREVISÕES DE ANOMALIAS EM DADOS DE TELEMETRIA ORIUNDOS DE SISTEMAS DE TRANSMISSÃO DE TV.,UNIDADE NÃO INFORMADA,CARUARU - PE
2024,PD&I,IAUPE,PLATAFORMA INTELIGENTE PARA ASSESSORIA JURÍDICA – 12.0,UNIDADE NÃO INFORMADA,RECIFE - PE
2024,PD&I,IAUPE,UTILIZAÇÃO DE SMART CONTRACTS EM BLOCKCHAIN NA ESFERA JURÍDICA 9.0,UNIDADE NÃO INFORMADA,RECIFE - PE
2024,INOVAÇÃO ABERTA,VIA NÃO INFORMADA,INOVAÇÃO ABERTA POLI - 2024.1,UNIDADE NÃO INFORMADA,RECIFE - PE
2024,INOVAÇÃO ABERTA,VIA NÃO INFORMADA,INOVAÇÃO ABERTA POLI - 2024.2,UNIDADE NÃO INFORMADA,RECIFE - PE
2024,INOVAÇÃO ABERTA,VIA NÃO INFORMADA,INOVAÇÃO ABERTA GARANHUNS - 2024,UNIDADE NÃO INFORMADA,GARANHUNS - PE
2024,INOVAÇÃO ABERTA,VIA NÃO INFORMADA,INOVAÇÃO ABERTA NAZARÉ - 2024,UNIDADE NÃO INFORMADA,NAZARÉ DA MATA - PE
2024,PD&I,IAUPE,USO DE BIOINSUMOS PARA INOVAÇÃO E SUSTENTABILIDADE DA MANGICULTURA NO SEMIÁRIDO PERNAMBUCANO: EFEITO SOBRE AS MICORRIZAS ARBUSCULARES,UNIDADE NÃO INFORMADA,PETROLINA - PE
2024,PD&I,IAUPE,"FIRMWARE-GREEN: PROTOTIPANDO UMA INFRAESTRUTURA EMBARCADA PARA COMUNICAÇÃO MULTIMEIOS ATRAVÉS DA INTEGRAÇÃO DO MÓDULO NBIOT, MÓDULO WISUN E MÓDULO LORAWAN/SIGFOX",UNIDADE NÃO INFORMADA,CURITIBA - PR
2024,PD&I,IAUPE,AKZO NOBEL 4.0 - FASE 1: DIGITALIZAÇÃO DA LINHA DE ENVASE DE BALDES.,UNIDADE NÃO INFORMADA,RECIFE - PE
2024,PD&I,UPE,PLATAFORMA DE INOVAÇÃO SOCIAL-SESC,UNIDADE NÃO INFORMADA,NAZARÉ DA MATA - PE
2024,PD&I,IAUPE,INOVAÇÕES COM INTELIGÊNCIA ARTIFICIAL PARA APOIO ESTRATÉGICO EM CELERIDADE PROCESSUAL E TOMADA DE DECISÕES NO TRIBUNAL DE JUSTIÇA DO ESTADO DE PERNAMBUCO,UNIDADE NÃO INFORMADA,RECIFE - PE
2024,PD&I,IAUPE,DESENVOLVIMENTO DE MODELOS DE APRENDIZADO DE MÁQUINA PARA SIMULAÇÃO E OTIMIZAÇÃO DE CONTROLES TÉRMICOS EM PLANTA AUTOMOTIVA,UNIDADE NÃO INFORMADA,RECIFE - PE
2024,PD&I,IAUPE,PLATAFORMA DE IDENTIFICAÇÃO PRAZOS TRABALHISTA 11.0,UNIDADE NÃO INFORMADA,RECIFE - PE
2024,PD&I,IAUPE,PLATAFORMA INTELIGENTE PARA ASSESSORIA JURÍDICA – 13.0,UNIDADE NÃO INFORMADA,RECIFE - PE
2024,RESITEC,IAUPE,RESIDÊNCIA TECNOLÓGICA EM INTELIGÊNCIA ARTIFICIAL GENERATIVA,UNIDADE NÃO INFORMADA,RECIFE - PE
2024,PD&I,IAUPE,FIBRASA DIGITAL - FASE 1,UNIDADE NÃO INFORMADA,ABREU E LIMA - PE
2024,PD&I,IAUPE,DESENVOLVIMENTO TECNOLÓGICO E INOVAÇÃO DAS VEDAÇÕES VERTICAIS DE EDIFICAÇÃO DE MÚLTIPLOS PAVIMENTOS: RACIONALIZAÇÃO CONSTRUTIVA E BIM,UNIDADE NÃO INFORMADA,RECIFE - PE
2024,PD&I,IAUPE,"COOPERAÇÃO TÉCNICA E CIENTÍFICA ENTRE OS PARTÍCIPES PARA O DESENVOLVIMENTO DE PROJETOS DE PESQUISA, PROGRAMAS E OUTRAS INICIATIVAS NA ÁREA DA INOVAÇÃO, ENVOLVENDO ALUNOS E PROFESSORES DAS DUAS INSTITUIÇÕES E EMPRESAS PARCEIRAS",UNIDADE NÃO INFORMADA,RECIFE - PE
2024,PD&I,IAUPE,INOVAÇÃO EM GERENCIAMENTO DE RISCOS E SEGURANÇA DO TRABALHO NA CONSTRUÇÃO DE LOTEAMENTOS RESIDENCIAIS DE ALTO PADRÃO,UNIDADE NÃO INFORMADA,RECIFE - PE
2024,PD&I,IAUPE,TERMO DE CONFIABILIDADE (NDA),UNIDADE NÃO INFORMADA,RECIFE - PE
2024,PD&I,IAUPE,AI-DOC - AWARE INDUSTRIAL DOCUMENTS,UNIDADE NÃO INFORMADA,RECIFE - PE
2024,PD&I,IAUPE,SECAGEM DO BAGAÇO DE CANA-DE-AÇÚCAR EM SISTEMA DE COGERAÇÃO DE ENERGIA,UNIDADE NÃO INFORMADA,RECIFE - PE
2024,PD&I,IAUPE,IDENTIFICAÇÃO DE PRAZOS TRABALHISTAS 12.0,UNIDADE NÃO INFORMADA,RECIFE - PE
2024,PD&I,IAUPE,EXPLORAÇÃO DAS TECNOLOGIAS UNIFIED NAME SPACE E SUA ADERÊNCIA EM DEMANDAS DE DIGITAÇÃO NA INDUSTRIA AUTOMOTIVA,UNIDADE NÃO INFORMADA,RECIFE - PE
2024,PD&I,IAUPE,"CATALISAR AS MELHORES PRÁTICAS NO CAMPO DA INOVAÇÃO, PROMOVENDO UMA SINERGIA ENTRE AS INSTITUIÇÕES (UFPE E UPE) QUE FORTALECERÁ O AMBIENTE INOVADOR NA REGIÃO",UNIDADE NÃO INFORMADA,RECIFE - PE
2024,PD&I,UPE,INVESTIGAÇÃO SOBRE OS FATORES QUE ONERAM A FORMAÇÃO DE PREÇOS NO ÂMBITO DO ARQUIPÉLAGO DE FERNANDO DE NORONHA,UNIDADE NÃO INFORMADA,RECIFE - PE
2024,PD&I,UPE,SISTEMA DE INTEGRAÇÃO DE DADOS PARA PLATAFORMA WEB E APLICATIVO MÓVEL A ILHA DE FERNANDO DE NORONHA EM PERNAMBUCO,UNIDADE NÃO INFORMADA,RECIFE - PE
2024,PD&I,IAUPE,PLATAFORMA INTELIGENTE PARA ASSESSORIA JURÍDICA – 14.0.,UNIDADE NÃO INFORMADA,RECIFE - PE
2025,PD&I,IAUPE,PROMOÇÃO DE UMA CULTURA DE INOVAÇÃO NA EDUCAÇÃO DO MUNICÍPIO DE CANHOTINHO,UNIDADE NÃO INFORMADA,CANHOTINHO - PE
2024,PD&I,IAUPE,RECONHECIMENTO INTELIGENTE DOS EXAMES OCUPACIONAIS PARA INTEGRAR COM PROCESSOS DE CONTROLE DA SAÚDE DE TRABALHADORES,UNIDADE NÃO INFORMADA,MARINGÁ - PR
2024,PD&I,IAUPE,NATTO DIGITAL: INFRAESTRUTURA DE DADOS INDUSTRIAL,UNIDADE NÃO INFORMADA,BELO JARDIM - PE
2024,PD&I,UPE,UTILIZAÇÃO DE SMART CONTRACTS EM BLOCKCHAIN NA ESFERA JURÍDICA 11.0,UNIDADE NÃO INFORMADA,RECIFE - PE
2024,PD&I,UPE,SERVIDORES,UNIDADE NÃO INFORMADA,RECIFE - PE
2024,PD&I,IAUPE,INOVAÇÃO EM GERENCIAMENTO DE RISCOS E SEGURANÇA DO TRABALHO NA CONSTRUÇÃO DE EDIFÍCIOS RESIDENCIAIS MULTIFAMILIAR,UNIDADE NÃO INFORMADA,RECIFE - PE
2024,PD&I,IAUPE,INOVAÇÃO EM GERENCIAMENTO DE RISCOS E SEGURANÇA DO TRABALHO NA PRODUÇÃO DE AÇÚCAR E ÁLCOOL,UNIDADE NÃO INFORMADA,PRIMAVERA - PE
2024,PD&I,IAUPE,DESENVOLVIMENTO DE PROJETOS INOVADORES ENTRE OS PARTÍCIPES.,UNIDADE NÃO INFORMADA,BETÂNIA - CE
2024,PD&I,IAUPE,TERMO DE CONFIABILIDADE (NDA),UNIDADE NÃO INFORMADA,RECIFE - PE
2024,PD&I,IAUPE,IMPLANTAÇÃO DO PROGRAMA DE NAVEGAÇÃO PARA IDOSOS DE COR OU RAÇA PRETA COM CÂNCER DE MAMA OU PRÓSTATA NO HOSPITAL UNIVERSITÁRIO OSWALDO CRUZ,HUOC,RECIFE - PE
2024,PD&I,IAUPE,RECFACE 2 - INVESTIGAÇÃO DE PLATAFORMAS PARA RECONHECIMENTO FACIAL,UNIDADE NÃO INFORMADA,CURITIBA - PR
2024,PD&I,IAUPE,RETOPOLOGIA DE MODELOS TRIDIMENSIONAIS COM APRENDIZAGEM PROFUNDA,UNIDADE NÃO INFORMADA,RECIFE - PE
2024,PD&I,IAUPE,ANÁLISE DE INVERSORES DE FREQUÊNCIA SUBMETIDOS A IMPULSOS TRANSITÓRIOS E SOBRETENSÕES TEMPORÁRIAS,UNIDADE NÃO INFORMADA,LAGOA SANTA - MG
2024,PD&I,IAUPE,NATTO DIGITAL: MODELAGEM DE ARQUITETURA DE VISÃO COMPUTACIONAL,UNIDADE NÃO INFORMADA,BELO JARDIM - PE
2024,PD&I,IAUPE,"DESENVOLVIMENTO TECNOLÓGICO E INOVAÇÃO DAS VEDAÇÕES VERTICAIS DE EDIFICAÇÃO DE MÚLTIPLOS PAVIMENTOS: RACIONALIZAÇÃO CONSTRUTIVA, BIM E DRYWALL",UNIDADE NÃO INFORMADA,CARUARU - PE
2024,PD&I,IAUPE,"DESENVOLVIMENTO TECNOLÓGICO E INOVAÇÃO DAS VEDAÇÕES VERTICAIS DE EDIFICAÇÃO DE MÚLTIPLOS PAVIMENTOS: RACIONALIZAÇÃO CONSTRUTIVA, BIM E DRYWALL",UNIDADE NÃO INFORMADA,RECIFE - PE
2025,PD&I,IAUPE,CHLORUM DIGITAL FASE 2: TRANSPARÊNCIA E PREVISIBILIDADE NA INDÚSTRIA,UNIDADE NÃO INFORMADA,IGARASSU - PE
2025,PD&I,IAUPE,ROCA DIGITAL - FASE 3: MELHORAR A PERFORMANCE A PARTIR DO USO INTENSIVO DE DADOS,UNIDADE NÃO INFORMADA,RECIFE - PE
2025,PD&I,IAUPE,INOVAÇÃO EM GERENCIAMENTO DE RISCOS E SEGURANÇA DO TRABALHO NA CONSTRUÇÃO DE EMPREENDIMENTOS IMOBILIÁRIOS,UNIDADE NÃO INFORMADA,RECIFE - PE
2025,PD&I,IAUPE,"DESENVOLVIMENTO TECNOLÓGICO E INOVAÇÃO DAS VEDAÇÕES VERTICAIS DE EDIFICAÇÃO DE MÚLTIPLOS PAVIMENTOS: RACIONALIZAÇÃO CONSTRUTIVA, BIM E DRYWALL",UNIDADE NÃO INFORMADA,FORTALEZA-CE
2025,PD&I,IAUPE,"DESENVOLVIMENTO DE SISTEMA DE TELECOMUNICAÇÕES PARA SUPERVISÃO, CONTROLE E AQUISIÇÃO DE DADOS (PILOTO-DRONE E DRONE-DRONE), INCLUINDO A CRIAÇÃO DE PROTOCOLOS DE COMUNICAÇÃO SEGUROS E CONFIÁVEIS.",UNIDADE NÃO INFORMADA,SÃO JOSÉ DOS CAMPOS - SP
2025,PD&I,IAUPE,DESENVOLVIMENTO TECNÓLOGICO E INOVAÇÃO DAS VEDAÇÕES VERTICAIS ATRAVÉS DA RACIONALIZAÇÃO DAS ALVENARIAS E BIM,UNIDADE NÃO INFORMADA,RECIFE - PE
2025,PD&I,IAUPE,OTIMIZAÇÃO DA VIDA ÚTIL DO REFRATÁRIO EM FORNOS FLOAT POR MODELAGEM PREDITIVA,UNIDADE NÃO INFORMADA,RECIFE - PE
2025,PD&I,IAUPE,FURNACEVISION: DIGITALIZAÇÃO E AUTOMAÇÃO DA INSPEÇÃO TÉRMICA DO FORNO VIVIX,UNIDADE NÃO INFORMADA,RECIFE - PE
2025,TERMO DE CONFIABILIDADE,IAUPE,DESENVOLVIMENTO DE NOVO SISTEMA DE ARMAZENAMENTO DE ENERGIA PARA APLICAÇÃO EM MICROSSISTEMA ISOLADO DE GERAÇÃO E DISTRIBUIÇÃO DE ENERGIA ELÉTRICA,UNIDADE NÃO INFORMADA,JABOATÃO DOS GUARARAPES - PE
2025,PD&I,IAUPE,DESENVOLVIMENTO DE SOLUÇÃO TOTALMENTE VIA SOFTWARE PARA GRAVAÇÃO EM BIOS EM PLACAS MÃES DA BRAZILPC,UNIDADE NÃO INFORMADA,BELO HORIZONTE - MG
2025,PD&I,IAUPE,GILDO - GERAÇÃO DE IMAGENS PARA LOCALIZAÇÃO E DETECÇÃO DE OBJETOS,UNIDADE NÃO INFORMADA,CURITIBA - PR
2025,PD&I,IAUPE,DESENVOLVIMENTO DE MODELOS DE APRENDIZADO DE MÁQUINA PARA SIMULAÇÃO E OTIMIZAÇÃO DE CONTROLES TÉRMICOS EM PLANTA AUTOMOTIVA,UNIDADE NÃO INFORMADA,RECIFE - PE
2025,PD&I,IAUPE,FIAJA - FRAMEWORK INTELIGENTE PARA ASSESSORIA JURÍDICA E ADMINISTRATIVA,UNIDADE NÃO INFORMADA,RECIFE - PE
2025,RESITEC,IAUPE,RESIDÊNCIA TECNOLÓGICA EM INTELIGÊNCIA ARTIFICIAL GENERATIVA PARA O AGRESTE MERIDIONAL DE PERNAMBUCO,UNIDADE NÃO INFORMADA,CURITIBA - PR
2025,PD&I,IAUPE,DESENVOLVIMENTO TECNOLÓGICO E INOVAÇÃO DAS VEDAÇÕES VERTICAIS ATRAVÉS DA RACIONALIZAÇÃO DAS ALVENARIAS E BIM.,UNIDADE NÃO INFORMADA,RECIFE - PE
2025,PD&I,IAUPE,INOVAÇÃO EM GERENCIAMENTO DE RISCOS E SEGURANÇA DO TRABALHO NA CONSTRUÇÃO DE EMPREENDIMENTOS IMOBILIÁRIOS - RESIDÊNCIAS DE ALTO PADRÃO,UNIDADE NÃO INFORMADA,RECIFE - PE
2025,PD&I,IAUPE,ALERTA ILHA: USO DE SISTEMA DE MONITORAMENTO E GESTÃO DE DESASTRES SOCIOAMBIENTAIS EM UM MUNICÍPIO DE PEQUENO PORTE,UNIDADE NÃO INFORMADA,ILHA DE ITAMARACÁ - PE
2025,PD&I,UPE,TCE-PLS FASE 4,UNIDADE NÃO INFORMADA,CIDADE NÃO INFORMADA
2025,PD&I,UPE,SAD 2 - SEGUNDA EDIÇÃO,UNIDADE NÃO INFORMADA,CIDADE NÃO INFORMADA
2025,PD&I,UPE,SECRETARIA DE EDUCAÇÃO,UNIDADE NÃO INFORMADA,CIDADE NÃO INFORMADA
2025,RESITEC,UPE,RESIDÊNCIA EM PRIMEIRA INFÂNCIA - 2 EDIÇÃO,UNIDADE NÃO INFORMADA,CIDADE NÃO INFORMADA
2025,RESITEC,UPE,RESIDÊNCIA JUCEPE,UNIDADE NÃO INFORMADA,CIDADE NÃO INFORMADA
2025,RESITEC,UPE,RESIDÊNCIA SCGE,UNIDADE NÃO INFORMADA,CIDADE NÃO INFORMADA
2025,PD&I,UPE,SECRETARIA DA MULHER,UNIDADE NÃO INFORMADA,CIDADE NÃO INFORMADA
2025,PD&I,UPE,TCE - GESTÃO DO CONHECIMENTO,UNIDADE NÃO INFORMADA,CIDADE NÃO INFORMADA
2025,RESITEC,UPE,RESIDÊNCIA SEC. TRANFORMAÇÃO DIGITAL,POLI,RECIFE - PE
2025,PD&I,IAUPE,CEHAB,POLI,RECIFE - PE
2025,PD&I,IAUPE,GRAFO DE CONHECIMENTO E GENAI APLICADOS À GESTÃO DE MANUTENÇÃO INDUSTRIAL DA VIVIX,UNIDADE NÃO INFORMADA,RECIFE - PE
2025,PD&I,UPE,POLITICAS PÚBLICAS PARA MULHERES,ARCOVERDE,ARCOVERDE
2025,PD&I,UPE,FILA DE ESPERA SEC. SAÚDE,POLI,RECIFE - PE
2025,PD&I,UPE,ADITIVO - LIGA LABS,POLI,CIDADE NÃO INFORMADA
2025,PD&I,IAUPE,DESENVOLVIMENTO TECNOLÓGICO E INOVAÇÃO DAS VEDAÇÕES VERTICAIS ATRAVÉS DA RACIONALIZAÇÃO DAS ALVENARIAS DE VEDAÇÃO E BIM,UNIDADE NÃO INFORMADA,RECIFE - PE
2026,PD&I,UPE,RESIDÊNCIA EM GOVERNO DIGITAL,POLI,RECIFE - PE
2026,PD&I,UPE,PLS TCE 2026,POLI,RECIFE - PE
2026,PD&I,UPE,SUDENE,POLI,RECIFE - PE
2026,PD&I,IAUPE,ADITIVO - FATOR NORONHA,UNIDADE NÃO INFORMADA,CIDADE NÃO INFORMADA
2026,PD&I,UPE,SERPRO,UNIDADE NÃO INFORMADA,CIDADE NÃO INFORMADA
2026,SEM NATUREZA INFORMADA,VIA NÃO INFORMADA,APAC - DIAGNÓSTICO,UNIDADE NÃO INFORMADA,CIDADE NÃO INFORMADA